id,first_name,last_name,email,gender,ip_address,refferer,amount_owes,value_of_account
1,Heather,Wood,hwood0@ft.com,Female,34.16.156.60,mtv.com,$132.04,$4804.81
2,Jose,Johnston,jjohnston1@zdnet.com,Male,151.173.84.167,vk.com,$34.48,$2189.71
3,Chris,Stone,cstone2@bravesites.com,Male,213.136.208.181,yandex.ru,$12.23,$2433.90
4,Julie,Tucker,jtucker3@home.pl,Female,66.122.193.12,paginegialle.it,$86.69,$1003.78
5,Gloria,Graham,ggraham4@redcross.org,Female,100.163.10.200,weather.com,$119.19,$3972.98
6,Lois,Walker,lwalker5@upenn.edu,Female,68.79.50.27,google.com.br,$78.22,$1032.17
7,Kathy,Bryant,kbryant6@sbwire.com,Female,122.14.211.88,discovery.com,$50.23,$9985.36
8,Alan,Peterson,apeterson7@go.com,Male,103.233.124.139,slashdot.org,$97.18,$8441.35
9,Carlos,Williamson,cwilliamson8@npr.org,Male,250.235.169.90,cargocollective.com,$57.86,$2898.57
10,Michael,Bell,mbell9@blinklist.com,Male,139.7.103.30,live.com,$148.08,$8887.19
11,Jerry,Cooper,jcoopera@g.co,Male,135.67.91.211,hexun.com,$102.35,$884.92
12,Steve,Reid,sreidb@gizmodo.com,Male,71.108.38.249,house.gov,$109.39,$6977.10
13,Scott,Parker,sparkerc@tripadvisor.com,Male,120.255.72.212,marketwatch.com,$67.76,$966.17
14,Bruce,Morrison,bmorrisond@slate.com,Male,128.56.148.167,house.gov,$26.25,$7155.05
15,Lillian,Moreno,lmorenoe@youtube.com,Female,93.132.161.97,bloglines.com,$148.99,$8002.87
16,Eugene,Montgomery,emontgomeryf@gizmodo.com,Male,78.240.0.243,google.de,$97.04,$2831.50
17,Janice,James,jjamesg@geocities.com,Female,115.254.182.248,live.com,$24.44,$4013.45
18,Arthur,Pierce,apierceh@google.nl,Male,172.124.94.55,disqus.com,$106.19,$1034.56
19,Michael,Vasquez,mvasquezi@businesswire.com,Male,252.171.7.119,joomla.org,$94.41,$605.99
20,Denise,Johnson,djohnsonj@comcast.net,Female,213.6.30.42,nbcnews.com,$50.52,$8885.40
21,Steve,Cruz,scruzk@amazon.co.uk,Male,202.204.36.94,netvibes.com,$68.00,$9741.62
22,Nicholas,Ford,nfordl@google.com.au,Male,148.160.254.249,narod.ru,$60.64,$8625.95
23,Jason,Ward,jwardm@i2i.jp,Male,82.185.15.109,cbsnews.com,$89.97,$8154.72
24,David,Henry,dhenryn@wordpress.com,Male,219.176.166.174,dot.gov,$19.98,$9428.85
25,Gary,Powell,gpowello@hud.gov,Male,45.120.5.156,shinystat.com,$63.80,$606.29
26,Jimmy,Nelson,jnelsonp@t.co,Male,214.240.122.40,answers.com,$53.81,$4961.75
27,Betty,Price,bpriceq@dyndns.org,Female,181.254.79.162,smugmug.com,$30.65,$8083.31
28,Catherine,Fisher,cfisherr@eepurl.com,Female,137.156.95.92,canalblog.com,$133.94,$6851.38
29,Philip,Chapman,pchapmans@simplemachines.org,Male,228.249.165.66,sciencedirect.com,$127.28,$8030.18
30,Randy,Lawson,rlawsont@opensource.org,Male,139.58.244.19,mayoclinic.com,$81.05,$252.58
31,Jeffrey,Hayes,jhayesu@ameblo.jp,Male,239.126.77.93,so-net.ne.jp,$92.17,$1719.16
32,Brian,Kim,bkimv@usa.gov,Male,62.244.14.36,hp.com,$96.27,$1976.61
33,Russell,Allen,rallenw@java.com,Male,148.126.179.168,tumblr.com,$121.71,$2398.26
34,Maria,Collins,mcollinsx@illinois.edu,Female,117.65.186.41,rediff.com,$136.25,$8673.80
35,Ruth,Nelson,rnelsony@ucla.edu,Female,115.40.186.0,tripadvisor.com,$93.90,$8445.58
36,Richard,Matthews,rmatthewsz@sitemeter.com,Male,7.166.164.117,cnet.com,$126.80,$5846.08
37,Paula,Wood,pwood10@networksolutions.com,Female,211.72.212.184,harvard.edu,$61.67,$9907.06
38,Gary,Robinson,grobinson11@mapy.cz,Male,109.208.255.26,wordpress.org,$137.66,$5399.86
39,Louise,Ryan,lryan12@bigcartel.com,Female,49.5.68.25,ask.com,$51.87,$2788.88
40,Carlos,Olson,colson13@1688.com,Male,99.136.115.58,rakuten.co.jp,$105.55,$3133.06
41,Barbara,Mason,bmason14@shop-pro.jp,Female,223.237.24.7,flickr.com,$135.73,$2472.32
42,Maria,Rogers,mrogers15@sohu.com,Female,86.220.196.74,weather.com,$74.80,$7558.46
43,Jeffrey,Hayes,jhayes16@cnet.com,Male,90.61.102.246,ifeng.com,$48.09,$735.01
44,Julie,Lawson,jlawson17@de.vu,Female,222.196.233.208,miibeian.gov.cn,$109.13,$9012.80
45,Joseph,Hunt,jhunt18@google.com.hk,Male,209.242.159.240,theglobeandmail.com,$59.07,$5214.51
46,Roger,Montgomery,rmontgomery19@example.com,Male,15.43.181.248,vinaora.com,$43.93,$1918.73
47,Jose,Baker,jbaker1a@mediafire.com,Male,242.129.126.195,nyu.edu,$57.03,$100.66
48,Michelle,Cox,mcox1b@businesswire.com,Female,22.180.143.229,craigslist.org,$91.82,$6480.38
49,Janet,Garrett,jgarrett1c@scribd.com,Female,158.24.166.0,networkadvertising.org,$66.26,$4029.40
50,Doris,Patterson,dpatterson1d@list-manage.com,Female,7.148.139.150,paginegialle.it,$59.33,$9764.98
51,Robert,Ryan,rryan1e@cbc.ca,Male,87.213.70.56,multiply.com,$39.08,$106.54
52,Joseph,Diaz,jdiaz1f@seattletimes.com,Male,88.194.241.0,domainmarket.com,$86.14,$6647.12
53,Adam,Morris,amorris1g@howstuffworks.com,Male,190.118.193.174,fotki.com,$65.80,$1274.08
54,Edward,Daniels,edaniels1h@nba.com,Male,144.199.19.115,psu.edu,$76.20,$3807.66
55,Fred,Harvey,fharvey1i@aboutads.info,Male,30.54.81.199,sina.com.cn,$105.48,$666.54
56,Katherine,Collins,kcollins1j@sohu.com,Female,70.239.183.205,diigo.com,$118.28,$177.72
57,Shawn,Gutierrez,sgutierrez1k@mysql.com,Male,42.32.219.131,ebay.co.uk,$110.09,$9642.51
58,Pamela,Perez,pperez1l@statcounter.com,Female,155.138.147.136,harvard.edu,$71.56,$8386.81
59,Willie,Montgomery,wmontgomery1m@xrea.com,Male,39.23.102.170,angelfire.com,$103.57,$5848.75
60,Tammy,Burns,tburns1n@wunderground.com,Female,85.193.88.96,stumbleupon.com,$49.45,$4722.08
61,Judy,Roberts,jroberts1o@msn.com,Female,33.166.167.47,amazon.com,$88.47,$2896.61
62,Jennifer,Bowman,jbowman1p@blogs.com,Female,40.7.202.124,yellowpages.com,$56.54,$5004.20
63,Julie,Welch,jwelch1q@sogou.com,Female,251.82.5.149,nbcnews.com,$19.27,$2214.19
64,Lisa,Wilson,lwilson1r@ustream.tv,Female,231.106.26.144,earthlink.net,$53.30,$5715.50
65,Eugene,Arnold,earnold1s@vinaora.com,Male,31.175.87.36,google.it,$146.66,$8147.24
66,Robin,Cox,rcox1t@stanford.edu,Female,31.209.69.169,hc360.com,$100.38,$1493.00
67,Sarah,Ramos,sramos1u@shutterfly.com,Female,21.221.13.18,hubpages.com,$135.02,$5263.73
68,Marie,West,mwest1v@wp.com,Female,82.243.82.247,fotki.com,$56.41,$2267.58
69,Martin,Bailey,mbailey1w@shareasale.com,Male,182.250.90.46,1und1.de,$79.11,$3067.10
70,Karen,Bishop,kbishop1x@tumblr.com,Female,121.3.244.212,jalbum.net,$21.04,$6826.46
71,Evelyn,Diaz,ediaz1y@sakura.ne.jp,Female,204.140.212.123,i2i.jp,$42.14,$126.59
72,Beverly,Graham,bgraham1z@quantcast.com,Female,48.196.54.136,hexun.com,$66.59,$7564.80
73,Nicholas,Lopez,nlopez20@jalbum.net,Male,90.169.52.153,miibeian.gov.cn,$44.03,$9163.69
74,Cynthia,Hill,chill21@mac.com,Female,251.113.7.198,elegantthemes.com,$63.51,$6645.60
75,Barbara,Kim,bkim22@kickstarter.com,Female,250.2.179.82,jugem.jp,$51.61,$841.11
76,Lillian,Jordan,ljordan23@ask.com,Female,85.249.111.214,japanpost.jp,$130.94,$5117.17
77,Jacqueline,Richards,jrichards24@cocolog-nifty.com,Female,225.172.196.244,wix.com,$120.48,$9090.38
78,Karen,Morales,kmorales25@list-manage.com,Female,55.151.186.39,t.co,$33.47,$1329.39
79,Joan,Fowler,jfowler26@eventbrite.com,Female,163.84.151.173,edublogs.org,$30.80,$1493.34
80,Nicole,Collins,ncollins27@freewebs.com,Female,119.6.9.174,vistaprint.com,$137.24,$4557.51
81,Christopher,Gibson,cgibson28@twitter.com,Male,210.94.14.82,homestead.com,$141.27,$1678.92
82,Kathryn,Clark,kclark29@utexas.edu,Female,212.85.107.180,furl.net,$15.33,$8540.52
83,Kathy,Henry,khenry2a@mit.edu,Female,147.62.204.164,livejournal.com,$96.22,$7458.90
84,Susan,Weaver,sweaver2b@yolasite.com,Female,40.64.215.73,harvard.edu,$135.65,$4557.42
85,Rebecca,Gordon,rgordon2c@phpbb.com,Female,105.238.22.100,posterous.com,$111.19,$2587.00
86,Carlos,Morales,cmorales2d@va.gov,Male,205.238.124.215,xrea.com,$100.60,$888.50
87,Wayne,James,wjames2e@wix.com,Male,127.171.217.68,utexas.edu,$49.68,$3591.27
88,Kathleen,Palmer,kpalmer2f@wunderground.com,Female,32.249.248.51,ning.com,$34.73,$6204.40
89,Philip,Morgan,pmorgan2g@slashdot.org,Male,39.81.218.94,newsvine.com,$111.29,$3406.05
90,Carlos,Weaver,cweaver2h@blinklist.com,Male,22.201.48.151,ning.com,$117.15,$7504.46
91,Rebecca,Knight,rknight2i@live.com,Female,85.36.44.19,unicef.org,$25.35,$6740.95
92,Maria,Lewis,mlewis2j@plala.or.jp,Female,118.217.91.198,yelp.com,$115.95,$1221.88
93,Carolyn,Mcdonald,cmcdonald2k@ihg.com,Female,89.6.194.157,moonfruit.com,$85.57,$4345.50
94,Robert,Watson,rwatson2l@techcrunch.com,Male,163.39.172.54,hhs.gov,$14.67,$3288.09
95,Margaret,Burton,mburton2m@cloudflare.com,Female,143.45.15.151,facebook.com,$85.46,$4834.77
96,Thomas,Carter,tcarter2n@indiatimes.com,Male,21.146.107.2,php.net,$98.21,$3164.06
97,Susan,Gonzalez,sgonzalez2o@themeforest.net,Female,30.33.31.191,furl.net,$143.08,$2422.82
98,Jennifer,Taylor,jtaylor2p@digg.com,Female,119.86.210.178,independent.co.uk,$101.93,$8166.67
99,William,Black,wblack2q@squidoo.com,Male,108.12.226.151,desdev.cn,$53.88,$8380.24
100,Paula,Harrison,pharrison2r@tinyurl.com,Female,36.68.228.206,irs.gov,$100.85,$1072.75
101,Adam,Fernandez,afernandez2s@flavors.me,Male,64.250.156.30,dion.ne.jp,$60.07,$684.53
102,Kimberly,Harper,kharper2t@51.la,Female,32.38.172.227,wordpress.com,$106.81,$564.58
103,Willie,Ferguson,wferguson2u@yellowbook.com,Male,76.81.61.161,twitter.com,$30.04,$2021.63
104,Bonnie,Lane,blane2v@house.gov,Female,132.183.122.5,yale.edu,$133.04,$4346.16
105,Debra,Freeman,dfreeman2w@comcast.net,Female,135.225.205.174,independent.co.uk,$22.39,$3227.07
106,Rebecca,Burns,rburns2x@sphinn.com,Female,137.45.183.94,chron.com,$132.08,$1876.71
107,Mildred,Gutierrez,mgutierrez2y@networkadvertising.org,Female,215.223.52.96,sciencedirect.com,$106.79,$2873.48
108,Carl,Medina,cmedina2z@soundcloud.com,Male,2.212.127.28,cdbaby.com,$102.62,$6126.89
109,Sean,Wheeler,swheeler30@printfriendly.com,Male,245.246.235.248,ibm.com,$32.91,$4123.34
110,Terry,Alvarez,talvarez31@wikispaces.com,Male,162.13.189.104,xrea.com,$76.17,$3191.81
111,Rachel,Vasquez,rvasquez32@wsj.com,Female,127.255.107.135,weather.com,$97.75,$8793.22
112,Lillian,Garcia,lgarcia33@whitehouse.gov,Female,5.98.156.180,sitemeter.com,$81.18,$4921.83
113,Rose,Hamilton,rhamilton34@people.com.cn,Female,163.70.96.63,ovh.net,$129.12,$6734.08
114,Matthew,Collins,mcollins35@ted.com,Male,111.253.73.212,shareasale.com,$93.97,$5611.98
115,Robert,Jacobs,rjacobs36@nature.com,Male,249.84.19.200,last.fm,$16.23,$4372.74
116,Craig,Johnson,cjohnson37@chronoengine.com,Male,211.194.23.3,nih.gov,$99.23,$613.00
117,Christina,Scott,cscott38@economist.com,Female,254.144.48.185,meetup.com,$11.73,$4372.92
118,Carlos,Crawford,ccrawford39@tumblr.com,Male,123.171.180.222,devhub.com,$22.12,$6830.64
119,Rachel,Willis,rwillis3a@java.com,Female,128.186.27.42,youtu.be,$102.11,$768.09
120,Tammy,Alexander,talexander3b@microsoft.com,Female,247.221.95.143,washington.edu,$30.76,$5103.17
121,Doris,Henderson,dhenderson3c@stumbleupon.com,Female,8.211.219.195,loc.gov,$22.65,$9105.16
122,Lisa,Harvey,lharvey3d@walmart.com,Female,1.185.153.182,github.com,$82.22,$1671.27
123,Joyce,Patterson,jpatterson3e@omniture.com,Female,90.172.84.215,themeforest.net,$90.23,$6962.91
124,Theresa,Green,tgreen3f@thetimes.co.uk,Female,79.157.255.20,wisc.edu,$33.89,$5980.33
125,Kenneth,Jordan,kjordan3g@hc360.com,Male,100.124.1.173,geocities.com,$119.20,$797.69
126,Laura,Graham,lgraham3h@apache.org,Female,2.225.132.32,spiegel.de,$56.84,$3984.57
127,Walter,Armstrong,warmstrong3i@wordpress.com,Male,246.99.209.40,goo.gl,$16.50,$2522.79
128,Debra,Daniels,ddaniels3j@youtu.be,Female,241.250.212.246,hexun.com,$26.71,$3176.34
129,Kathryn,Hall,khall3k@histats.com,Female,73.60.125.150,comcast.net,$31.89,$4950.04
130,Debra,Parker,dparker3l@ca.gov,Female,76.16.30.9,yahoo.com,$68.01,$1057.38
131,Thomas,Butler,tbutler3m@smugmug.com,Male,124.142.124.20,unblog.fr,$25.99,$6887.10
132,Kimberly,Mcdonald,kmcdonald3n@pcworld.com,Female,121.106.66.5,disqus.com,$81.40,$8198.54
133,Martin,Gibson,mgibson3o@360.cn,Male,159.209.79.238,google.pl,$109.28,$5835.08
134,Scott,Price,sprice3p@twitter.com,Male,48.134.11.124,globo.com,$34.44,$802.83
135,Diana,Sanders,dsanders3q@merriam-webster.com,Female,226.212.50.180,ehow.com,$23.23,$6506.73
136,Douglas,Reid,dreid3r@skype.com,Male,184.116.111.158,symantec.com,$87.35,$2251.02
137,Ryan,Gutierrez,rgutierrez3s@blogtalkradio.com,Male,182.54.89.137,businesswire.com,$147.67,$150.54
138,Nicholas,Martinez,nmartinez3t@trellian.com,Male,161.88.204.174,harvard.edu,$135.86,$2247.93
139,Nicholas,Pierce,npierce3u@ustream.tv,Male,245.16.203.181,soup.io,$12.95,$9095.85
140,Jean,Cole,jcole3v@webs.com,Female,146.142.113.137,i2i.jp,$34.22,$4667.94
141,Anna,Scott,ascott3w@wufoo.com,Female,87.239.3.57,over-blog.com,$28.23,$2959.61
142,Kathryn,Hernandez,khernandez3x@ning.com,Female,12.210.128.163,wiley.com,$137.79,$1062.45
143,Robert,Garcia,rgarcia3y@archive.org,Male,156.13.233.84,princeton.edu,$64.72,$6085.26
144,Cheryl,Simmons,csimmons3z@sogou.com,Female,159.117.120.242,miibeian.gov.cn,$55.13,$4624.54
145,Julia,Stewart,jstewart40@nba.com,Female,231.52.43.169,opensource.org,$110.63,$5298.67
146,Judith,Jones,jjones41@gravatar.com,Female,218.99.134.101,bigcartel.com,$22.15,$4902.34
147,Susan,Robertson,srobertson42@furl.net,Female,219.130.84.80,people.com.cn,$67.65,$5186.92
148,John,Wilson,jwilson43@miitbeian.gov.cn,Male,110.141.243.4,usda.gov,$44.74,$6732.81
149,Julia,Woods,jwoods44@studiopress.com,Female,92.23.18.40,chronoengine.com,$15.39,$4131.03
150,Ernest,Fernandez,efernandez45@ycombinator.com,Male,185.184.113.200,hud.gov,$25.51,$4366.46
151,Marilyn,Turner,mturner46@latimes.com,Female,210.237.221.183,springer.com,$136.90,$4260.28
152,Joshua,Richardson,jrichardson47@shareasale.com,Male,74.51.55.210,census.gov,$36.84,$6941.95
153,Beverly,Scott,bscott48@163.com,Female,211.15.195.226,psu.edu,$90.81,$7894.62
154,Ashley,Russell,arussell49@creativecommons.org,Female,234.160.167.248,reference.com,$65.72,$8429.72
155,Ruth,Cruz,rcruz4a@canalblog.com,Female,118.31.37.228,naver.com,$28.53,$3152.58
156,Kenneth,King,kking4b@pcworld.com,Male,175.41.167.11,rakuten.co.jp,$137.05,$5606.13
157,Louis,Wright,lwright4c@networkadvertising.org,Male,35.49.157.125,yandex.ru,$69.80,$4164.74
158,Angela,Fernandez,afernandez4d@opensource.org,Female,74.132.148.232,networkadvertising.org,$50.42,$683.88
159,Janice,Lynch,jlynch4e@msn.com,Female,16.4.226.168,ucsd.edu,$102.64,$2378.32
160,Christine,Martinez,cmartinez4f@blogs.com,Female,226.237.90.245,ted.com,$87.07,$2341.86
161,Laura,Ferguson,lferguson4g@indiegogo.com,Female,39.61.145.101,mac.com,$136.87,$5195.18
162,Christopher,Lee,clee4h@bbc.co.uk,Male,179.216.45.252,shareasale.com,$37.86,$7410.63
163,Bobby,Torres,btorres4i@unicef.org,Male,245.174.63.172,umich.edu,$46.70,$839.52
164,Heather,Anderson,handerson4j@4shared.com,Female,38.80.229.203,amazon.co.uk,$44.51,$5970.75
165,Sandra,Harper,sharper4k@google.ru,Female,255.48.242.185,deviantart.com,$138.30,$8704.71
166,Sara,Patterson,spatterson4l@google.co.uk,Female,42.92.19.188,edublogs.org,$135.31,$7464.60
167,Roger,Armstrong,rarmstrong4m@hubpages.com,Male,72.95.197.11,uiuc.edu,$12.14,$6044.73
168,Richard,Fowler,rfowler4n@mayoclinic.com,Male,165.130.146.193,icq.com,$82.73,$2115.89
169,Ann,Cox,acox4o@ihg.com,Female,126.97.94.98,skyrock.com,$32.08,$7417.06
170,Kathy,Kennedy,kkennedy4p@ezinearticles.com,Female,43.80.153.44,histats.com,$112.33,$1122.81
171,Terry,Jackson,tjackson4q@netlog.com,Male,143.11.90.233,slideshare.net,$93.54,$4554.38
172,Paula,Stanley,pstanley4r@marriott.com,Female,124.119.55.185,timesonline.co.uk,$28.21,$3801.80
173,Carol,Foster,cfoster4s@epa.gov,Female,49.50.121.142,sitemeter.com,$59.83,$6616.34
174,James,Stewart,jstewart4t@over-blog.com,Male,155.112.150.44,elpais.com,$18.38,$9300.46
175,Philip,Wood,pwood4u@plala.or.jp,Male,21.50.150.148,hatena.ne.jp,$29.37,$3970.43
176,Chris,Nichols,cnichols4v@amazon.co.jp,Male,177.169.106.223,de.vu,$138.49,$3048.14
177,Pamela,Fox,pfox4w@zimbio.com,Female,246.198.108.229,miibeian.gov.cn,$46.18,$6320.61
178,Steven,Garrett,sgarrett4x@canalblog.com,Male,147.58.41.227,xrea.com,$53.54,$5121.30
179,Julie,King,jking4y@bizjournals.com,Female,79.162.134.80,wikimedia.org,$21.91,$1893.23
180,Paula,Carr,pcarr4z@mozilla.org,Female,81.202.218.100,japanpost.jp,$125.13,$3058.28
181,Martha,King,mking50@sciencedaily.com,Female,189.92.137.194,goo.gl,$105.59,$8353.88
182,Matthew,Walker,mwalker51@godaddy.com,Male,11.188.226.162,weebly.com,$56.39,$9595.88
183,Eric,Russell,erussell52@drupal.org,Male,123.193.94.122,blogs.com,$15.12,$7654.25
184,Walter,Rose,wrose53@intel.com,Male,64.151.28.115,ucsd.edu,$20.18,$6038.65
185,Bonnie,Simmons,bsimmons54@parallels.com,Female,71.120.78.65,bluehost.com,$111.29,$5772.47
186,Ralph,Wheeler,rwheeler55@bandcamp.com,Male,205.93.34.248,altervista.org,$84.16,$4692.63
187,Raymond,Williamson,rwilliamson56@soup.io,Male,241.7.24.55,infoseek.co.jp,$56.04,$6614.52
188,Jose,Harrison,jharrison57@boston.com,Male,210.41.220.216,blinklist.com,$46.18,$4997.50
189,Patricia,Woods,pwoods58@smh.com.au,Female,64.228.146.120,fotki.com,$126.38,$9792.98
190,Beverly,Burke,bburke59@bloomberg.com,Female,40.129.21.122,yale.edu,$55.61,$5470.48
191,Rose,Castillo,rcastillo5a@wired.com,Female,245.196.254.74,wisc.edu,$91.49,$9606.69
192,Carol,Greene,cgreene5b@cornell.edu,Female,231.175.10.194,icq.com,$137.95,$5842.33
193,Dorothy,Foster,dfoster5c@fema.gov,Female,88.187.183.82,narod.ru,$131.78,$9670.29
194,Timothy,Bennett,tbennett5d@army.mil,Male,82.93.12.24,mashable.com,$76.89,$2476.00
195,Janice,Miller,jmiller5e@virginia.edu,Female,206.218.178.206,nytimes.com,$127.02,$3854.61
196,Dorothy,Reed,dreed5f@github.com,Female,115.202.191.234,stanford.edu,$12.90,$1822.97
197,Peter,Jordan,pjordan5g@psu.edu,Male,231.245.248.34,vistaprint.com,$110.24,$1263.89
198,Matthew,Carter,mcarter5h@home.pl,Male,68.158.174.163,bloomberg.com,$45.55,$2866.04
199,Kimberly,Ray,kray5i@is.gd,Female,143.66.222.14,nature.com,$63.11,$9543.51
200,Jeremy,Anderson,janderson5j@yolasite.com,Male,134.99.179.174,mlb.com,$110.35,$816.66
201,Justin,Ruiz,jruiz5k@sciencedirect.com,Male,136.162.130.247,senate.gov,$75.67,$292.62
202,Patricia,Johnson,pjohnson5l@youku.com,Female,221.88.10.226,unc.edu,$66.21,$8766.94
203,Kathleen,King,kking5m@uiuc.edu,Female,227.102.107.4,multiply.com,$37.44,$7561.26
204,Mark,Owens,mowens5n@multiply.com,Male,63.74.73.16,1688.com,$98.62,$1950.70
205,Jack,White,jwhite5o@shutterfly.com,Male,210.43.94.80,dailymotion.com,$22.44,$2619.71
206,Alice,Wilson,awilson5p@uol.com.br,Female,142.28.6.178,constantcontact.com,$129.06,$1964.57
207,Laura,Hanson,lhanson5q@mapy.cz,Female,3.240.30.46,yahoo.com,$27.04,$4282.99
208,Ronald,Riley,rriley5r@economist.com,Male,0.148.255.204,github.io,$60.56,$8787.78
209,Stephen,Moore,smoore5s@ucoz.com,Male,37.121.82.162,reference.com,$107.81,$4644.70
210,Benjamin,Ellis,bellis5t@printfriendly.com,Male,62.64.197.62,bbc.co.uk,$35.20,$2632.46
211,Russell,Nichols,rnichols5u@alexa.com,Male,21.117.137.157,dion.ne.jp,$73.11,$4733.79
212,Tina,Chavez,tchavez5v@webs.com,Female,0.96.90.85,privacy.gov.au,$106.35,$1370.95
213,Joan,Brooks,jbrooks5w@blogtalkradio.com,Female,110.18.242.88,dagondesign.com,$50.52,$8213.91
214,Anna,Allen,aallen5x@china.com.cn,Female,208.169.112.16,oaic.gov.au,$85.14,$1865.18
215,Ruth,Berry,rberry5y@weebly.com,Female,80.172.5.126,cisco.com,$38.60,$1118.30
216,Earl,Reyes,ereyes5z@edublogs.org,Male,77.69.41.129,cornell.edu,$32.93,$1266.80
217,Timothy,Gardner,tgardner60@blogs.com,Male,147.79.85.151,jigsy.com,$122.92,$3616.32
218,David,Morrison,dmorrison61@uol.com.br,Male,53.160.210.40,fda.gov,$144.39,$7522.35
219,Harry,Lawrence,hlawrence62@vistaprint.com,Male,71.243.103.135,cbsnews.com,$84.01,$5112.20
220,Craig,Myers,cmyers63@ow.ly,Male,160.92.221.171,apache.org,$143.03,$4883.92
221,Lillian,Miller,lmiller64@ucsd.edu,Female,148.169.30.116,discovery.com,$43.45,$3565.53
222,Aaron,James,ajames65@google.com.hk,Male,94.116.102.228,google.com.au,$17.92,$1228.31
223,Michael,Long,mlong66@etsy.com,Male,16.4.171.209,aol.com,$89.52,$1911.75
224,Lawrence,Graham,lgraham67@pen.io,Male,74.17.70.62,sourceforge.net,$142.29,$9154.00
225,Katherine,Patterson,kpatterson68@omniture.com,Female,140.64.126.125,eepurl.com,$14.48,$5500.40
226,Paul,Hill,phill69@ning.com,Male,28.177.81.247,irs.gov,$30.74,$7921.05
227,Robin,King,rking6a@unc.edu,Female,139.126.239.215,ox.ac.uk,$53.76,$7607.64
228,Debra,Hart,dhart6b@unblog.fr,Female,90.151.95.58,soundcloud.com,$136.46,$6319.10
229,Carol,Butler,cbutler6c@wisc.edu,Female,175.185.45.165,examiner.com,$149.38,$804.81
230,Frances,Parker,fparker6d@ed.gov,Female,134.177.21.247,theglobeandmail.com,$81.85,$9867.73
231,Martin,Schmidt,mschmidt6e@bloglovin.com,Male,34.203.93.146,virginia.edu,$94.79,$8504.42
232,Kenneth,Thomas,kthomas6f@1und1.de,Male,127.124.152.115,telegraph.co.uk,$41.04,$7555.93
233,Aaron,Anderson,aanderson6g@privacy.gov.au,Male,151.80.5.201,reuters.com,$66.05,$6362.43
234,Anna,Powell,apowell6h@ibm.com,Female,75.68.87.194,ftc.gov,$86.72,$2306.68
235,Sharon,Gilbert,sgilbert6i@storify.com,Female,107.22.17.12,hubpages.com,$50.20,$7591.82
236,Martin,Henry,mhenry6j@census.gov,Male,144.177.25.144,epa.gov,$63.74,$1980.60
237,William,Chavez,wchavez6k@tamu.edu,Male,46.191.82.212,bigcartel.com,$56.88,$7517.42
238,Jose,Armstrong,jarmstrong6l@networkadvertising.org,Male,74.32.62.93,buzzfeed.com,$76.93,$3957.76
239,Kenneth,Lee,klee6m@elegantthemes.com,Male,119.119.85.222,nasa.gov,$78.16,$8757.23
240,Maria,West,mwest6n@oracle.com,Female,109.140.223.209,dailymail.co.uk,$73.60,$8582.20
241,Clarence,Stevens,cstevens6o@facebook.com,Male,144.122.155.160,tumblr.com,$48.98,$5849.36
242,Marie,Holmes,mholmes6p@dailymail.co.uk,Female,75.14.169.161,wikia.com,$10.33,$3666.54
243,Willie,Johnson,wjohnson6q@oakley.com,Male,9.61.67.105,vistaprint.com,$119.79,$347.68
244,Janet,Fowler,jfowler6r@ameblo.jp,Female,109.245.66.167,google.fr,$10.29,$7708.94
245,Mark,Chavez,mchavez6s@patch.com,Male,58.49.233.104,squarespace.com,$40.07,$353.71
246,Roy,Watson,rwatson6t@lycos.com,Male,46.84.91.175,mashable.com,$81.10,$2658.92
247,Wanda,West,wwest6u@geocities.com,Female,46.110.84.59,oakley.com,$73.33,$3147.25
248,Jeffrey,Reynolds,jreynolds6v@canalblog.com,Male,94.252.244.134,bravesites.com,$56.79,$1004.03
249,Jonathan,Thomas,jthomas6w@oakley.com,Male,124.28.198.73,gov.uk,$131.64,$7643.99
250,Amy,Gutierrez,agutierrez6x@de.vu,Female,250.176.145.4,telegraph.co.uk,$134.17,$4886.40
251,Gary,Burke,gburke6y@hibu.com,Male,98.66.168.230,cmu.edu,$52.97,$2527.33
252,Justin,Dunn,jdunn6z@uol.com.br,Male,111.78.4.16,edublogs.org,$21.95,$8826.33
253,Andrew,Lee,alee70@cnn.com,Male,122.247.56.15,microsoft.com,$22.90,$6197.76
254,Fred,Hill,fhill71@discovery.com,Male,65.210.24.255,furl.net,$135.57,$7916.14
255,Anne,Price,aprice72@squidoo.com,Female,177.86.216.236,netlog.com,$15.47,$9083.05
256,Anna,Sanders,asanders73@fda.gov,Female,33.118.225.35,bravesites.com,$70.90,$8400.34
257,Alan,Rice,arice74@ycombinator.com,Male,166.85.180.97,qq.com,$24.26,$3416.36
258,Peter,Wagner,pwagner75@deliciousdays.com,Male,212.13.147.251,nba.com,$126.58,$6906.40
259,Jason,Austin,jaustin76@state.tx.us,Male,118.94.87.232,usgs.gov,$141.12,$167.35
260,Karen,Montgomery,kmontgomery77@dot.gov,Female,35.185.53.13,skyrock.com,$76.19,$2397.82
261,Jeremy,Kelley,jkelley78@pbs.org,Male,81.207.116.120,ibm.com,$143.36,$7386.80
262,Bruce,Scott,bscott79@ycombinator.com,Male,197.233.121.58,narod.ru,$137.24,$3409.12
263,Irene,Smith,ismith7a@miibeian.gov.cn,Female,104.59.80.231,loc.gov,$134.82,$7714.08
264,Kathryn,Lynch,klynch7b@earthlink.net,Female,143.155.209.243,bravesites.com,$15.38,$7533.05
265,Lori,Ray,lray7c@sakura.ne.jp,Female,156.37.148.188,vimeo.com,$96.97,$9891.46
266,Adam,Warren,awarren7d@google.ru,Male,201.255.189.188,about.me,$125.72,$3199.54
267,Karen,Shaw,kshaw7e@hatena.ne.jp,Female,162.134.52.147,cocolog-nifty.com,$121.98,$6077.16
268,Susan,Spencer,sspencer7f@histats.com,Female,159.81.151.252,ycombinator.com,$104.00,$1148.72
269,Robert,Ford,rford7g@aol.com,Male,87.137.58.171,creativecommons.org,$131.15,$9632.15
270,Juan,Frazier,jfrazier7h@fc2.com,Male,228.157.53.242,last.fm,$126.24,$6816.37
271,Patricia,Long,plong7i@usda.gov,Female,117.68.62.121,chicagotribune.com,$79.23,$4397.95
272,Roger,Washington,rwashington7j@stanford.edu,Male,244.254.19.31,topsy.com,$59.79,$6380.62
273,Evelyn,Olson,eolson7k@bizjournals.com,Female,22.96.133.229,gov.uk,$68.42,$705.66
274,Carl,Gray,cgray7l@typepad.com,Male,55.109.166.199,comsenz.com,$110.15,$1836.33
275,Nancy,Brown,nbrown7m@amazon.co.jp,Female,250.216.133.131,skyrock.com,$52.75,$4822.59
276,Jason,Richards,jrichards7n@netvibes.com,Male,229.43.63.83,rediff.com,$123.62,$1798.84
277,Howard,Powell,hpowell7o@cnbc.com,Male,202.86.66.252,nih.gov,$110.76,$3162.51
278,Linda,Hernandez,lhernandez7p@usda.gov,Female,20.179.187.229,yahoo.co.jp,$89.42,$8818.33
279,Annie,Perry,aperry7q@nifty.com,Female,235.197.45.210,pinterest.com,$101.20,$4406.78
280,Andrea,Williamson,awilliamson7r@miibeian.gov.cn,Female,252.136.226.135,naver.com,$135.81,$4098.25
281,Rose,Hill,rhill7s@tinyurl.com,Female,0.184.2.130,dmoz.org,$63.48,$3270.93
282,Brian,Lee,blee7t@noaa.gov,Male,85.158.56.50,ustream.tv,$132.68,$9784.06
283,Paula,Miller,pmiller7u@discovery.com,Female,34.172.64.34,netlog.com,$38.02,$795.12
284,Dorothy,Montgomery,dmontgomery7v@nationalgeographic.com,Female,72.130.217.131,ca.gov,$80.09,$6497.61
285,Raymond,Tucker,rtucker7w@addtoany.com,Male,89.141.209.199,telegraph.co.uk,$71.82,$4273.95
286,Kathleen,Harris,kharris7x@huffingtonpost.com,Female,148.70.9.93,xrea.com,$129.89,$6264.96
287,Jane,Lopez,jlopez7y@zimbio.com,Female,130.4.241.109,globo.com,$145.51,$580.38
288,Mildred,Lane,mlane7z@unicef.org,Female,53.47.216.91,hexun.com,$140.39,$4134.61
289,Patricia,Black,pblack80@plala.or.jp,Female,165.129.86.124,surveymonkey.com,$138.63,$1842.40
290,Thomas,Richardson,trichardson81@cisco.com,Male,133.42.213.176,hao123.com,$89.40,$7251.84
291,Jose,Owens,jowens82@usatoday.com,Male,91.118.65.175,joomla.org,$53.94,$370.16
292,Bobby,Woods,bwoods83@barnesandnoble.com,Male,100.110.89.191,domainmarket.com,$93.26,$1457.58
293,Larry,Simpson,lsimpson84@yahoo.com,Male,222.28.65.8,flavors.me,$146.12,$8766.31
294,Deborah,Kelley,dkelley85@ucsd.edu,Female,163.240.88.97,nature.com,$13.83,$3781.87
295,Alan,Smith,asmith86@mashable.com,Male,86.57.198.191,yellowbook.com,$42.71,$5364.71
296,Daniel,Vasquez,dvasquez87@ca.gov,Male,92.196.217.111,google.pl,$22.49,$2446.10
297,Jeffrey,Burton,jburton88@bloglovin.com,Male,115.78.198.216,illinois.edu,$96.12,$3086.50
298,Victor,Peterson,vpeterson89@canalblog.com,Male,168.176.243.132,skype.com,$94.59,$2133.47
299,Sandra,Jackson,sjackson8a@1688.com,Female,253.91.16.115,ft.com,$131.12,$1069.14
300,Christine,Coleman,ccoleman8b@ted.com,Female,96.133.211.45,cornell.edu,$63.87,$6584.88
301,Alan,Bishop,abishop8c@sohu.com,Male,54.43.153.239,purevolume.com,$104.85,$6412.54
302,Randy,Mccoy,rmccoy8d@flickr.com,Male,39.97.214.17,is.gd,$13.80,$6632.32
303,Joan,Ward,jward8e@histats.com,Female,168.35.251.139,prweb.com,$58.79,$916.49
304,Todd,Graham,tgraham8f@icq.com,Male,204.178.95.205,redcross.org,$76.90,$7681.93
305,Jennifer,Kennedy,jkennedy8g@blogger.com,Female,144.152.218.147,abc.net.au,$62.30,$9068.70
306,Jacqueline,Fuller,jfuller8h@squarespace.com,Female,212.205.37.48,shop-pro.jp,$132.18,$9954.75
307,Jacqueline,Fields,jfields8i@house.gov,Female,153.58.34.225,wordpress.org,$141.33,$1193.80
308,Irene,Clark,iclark8j@mashable.com,Female,148.54.240.219,epa.gov,$43.73,$443.87
309,Jean,Woods,jwoods8k@ted.com,Female,131.71.222.211,netvibes.com,$84.93,$8614.15
310,Denise,West,dwest8l@adobe.com,Female,34.168.249.108,msn.com,$144.17,$6915.67
311,Judith,Medina,jmedina8m@yandex.ru,Female,236.126.126.245,mail.ru,$51.47,$6688.90
312,Brian,Watkins,bwatkins8n@ameblo.jp,Male,54.252.114.65,php.net,$56.31,$1793.31
313,Samuel,Flores,sflores8o@shareasale.com,Male,45.117.45.72,merriam-webster.com,$63.23,$7636.74
314,Ruby,Ford,rford8p@bloglines.com,Female,125.18.148.15,technorati.com,$63.42,$6044.04
315,Karen,Johnson,kjohnson8q@newsvine.com,Female,138.66.148.151,freewebs.com,$87.86,$4797.63
316,Judith,Barnes,jbarnes8r@japanpost.jp,Female,22.233.234.144,360.cn,$146.33,$6256.94
317,Sandra,Webb,swebb8s@theglobeandmail.com,Female,154.155.49.11,hexun.com,$116.57,$9719.33
318,Ronald,Black,rblack8t@discovery.com,Male,28.41.181.35,time.com,$61.37,$1405.48
319,Joshua,Duncan,jduncan8u@weibo.com,Male,192.121.89.146,jalbum.net,$72.33,$8493.52
320,Jimmy,Daniels,jdaniels8v@sourceforge.net,Male,150.166.178.186,house.gov,$99.27,$7651.92
321,Angela,Reed,areed8w@howstuffworks.com,Female,2.209.154.232,mysql.com,$14.60,$6531.04
322,Ashley,Welch,awelch8x@youtube.com,Female,117.196.230.242,pbs.org,$104.22,$1261.96
323,Nicole,Ward,nward8y@goo.gl,Female,169.134.214.103,prlog.org,$136.27,$1194.30
324,Karen,Stephens,kstephens8z@springer.com,Female,93.137.14.251,123-reg.co.uk,$44.89,$597.48
325,Joshua,Thompson,jthompson90@cnn.com,Male,162.130.204.132,europa.eu,$34.38,$6067.04
326,Kathy,Lewis,klewis91@hc360.com,Female,8.220.102.77,yale.edu,$144.93,$3857.60
327,Marie,Henderson,mhenderson92@ovh.net,Female,216.27.128.45,upenn.edu,$25.60,$8158.14
328,Irene,Ruiz,iruiz93@qq.com,Female,101.250.87.199,fastcompany.com,$25.38,$3716.36
329,Keith,Hill,khill94@goodreads.com,Male,31.193.241.65,ftc.gov,$28.09,$1001.93
330,Stephanie,Hicks,shicks95@huffingtonpost.com,Female,65.171.222.155,opera.com,$127.04,$165.22
331,Earl,Jones,ejones96@opensource.org,Male,20.190.87.71,opensource.org,$83.53,$1717.30
332,Brenda,Kelly,bkelly97@baidu.com,Female,32.142.80.1,goodreads.com,$113.40,$3709.86
333,Adam,Coleman,acoleman98@wsj.com,Male,219.183.42.69,go.com,$83.76,$8476.90
334,Brandon,Foster,bfoster99@booking.com,Male,172.133.8.200,blinklist.com,$38.21,$367.59
335,Alan,Rodriguez,arodriguez9a@examiner.com,Male,21.222.15.72,odnoklassniki.ru,$10.24,$7602.69
336,Christine,Snyder,csnyder9b@bandcamp.com,Female,189.127.31.252,yelp.com,$30.38,$8838.05
337,Philip,Patterson,ppatterson9c@dagondesign.com,Male,91.91.32.17,feedburner.com,$96.63,$3049.48
338,Christopher,Hill,chill9d@hud.gov,Male,128.79.63.137,newyorker.com,$21.38,$7372.56
339,Martin,West,mwest9e@weibo.com,Male,159.78.12.255,1688.com,$89.24,$9340.77
340,Shawn,Frazier,sfrazier9f@homestead.com,Male,151.65.47.62,state.gov,$141.33,$6176.08
341,Jason,Boyd,jboyd9g@so-net.ne.jp,Male,71.176.133.149,discovery.com,$43.17,$4029.72
342,Peter,Mills,pmills9h@hubpages.com,Male,77.153.134.239,wsj.com,$18.18,$1098.40
343,Roger,Nichols,rnichols9i@feedburner.com,Male,62.18.98.127,squidoo.com,$23.63,$3455.09
344,Lois,Burns,lburns9j@pen.io,Female,175.94.216.177,bbc.co.uk,$92.62,$6970.43
345,Pamela,Morgan,pmorgan9k@myspace.com,Female,76.44.47.25,nature.com,$131.68,$2664.94
346,Gary,Williamson,gwilliamson9l@desdev.cn,Male,237.6.238.126,phoca.cz,$52.55,$6173.19
347,Janice,Gibson,jgibson9m@examiner.com,Female,69.205.61.166,washington.edu,$143.66,$6202.42
348,Willie,Sanders,wsanders9n@pcworld.com,Male,20.45.202.84,sogou.com,$85.53,$9446.17
349,Dorothy,Greene,dgreene9o@spotify.com,Female,52.102.146.105,samsung.com,$88.92,$3914.73
350,Mildred,Sanchez,msanchez9p@lulu.com,Female,171.56.132.252,printfriendly.com,$52.40,$1415.18
351,Annie,Harper,aharper9q@usnews.com,Female,206.141.65.232,bbb.org,$88.08,$7160.06
352,Carolyn,Webb,cwebb9r@prnewswire.com,Female,103.5.167.56,wikia.com,$116.03,$3800.77
353,Douglas,Long,dlong9s@naver.com,Male,192.134.219.3,free.fr,$89.79,$5527.44
354,Susan,Cook,scook9t@devhub.com,Female,46.171.28.23,devhub.com,$30.90,$4701.10
355,Justin,Hunter,jhunter9u@nationalgeographic.com,Male,86.236.41.215,edublogs.org,$28.04,$421.79
356,Ralph,Ross,rross9v@ftc.gov,Male,11.149.38.158,weibo.com,$28.02,$5724.44
357,Justin,Cole,jcole9w@bbc.co.uk,Male,148.118.27.103,nationalgeographic.com,$73.56,$8013.17
358,Shirley,Hayes,shayes9x@a8.net,Female,213.224.199.159,patch.com,$35.30,$2892.27
359,Carlos,Perez,cperez9y@skyrock.com,Male,97.94.222.46,exblog.jp,$61.31,$4279.04
360,Bonnie,Wright,bwright9z@nature.com,Female,11.229.163.228,edublogs.org,$146.44,$6197.22
361,Christina,Alexander,calexandera0@sciencedirect.com,Female,11.242.192.105,zdnet.com,$85.24,$7783.52
362,Julia,Smith,jsmitha1@stanford.edu,Female,36.185.96.175,creativecommons.org,$77.80,$3924.15
363,Carolyn,Garrett,cgarretta2@imgur.com,Female,92.42.116.0,craigslist.org,$98.59,$8452.50
364,Joshua,Bradley,jbradleya3@cam.ac.uk,Male,23.14.11.62,ted.com,$64.10,$8569.04
365,Phyllis,Reyes,preyesa4@ask.com,Female,84.8.175.179,google.ru,$23.99,$4015.92
366,Ernest,Cook,ecooka5@xrea.com,Male,108.236.79.98,addtoany.com,$111.46,$1661.97
367,Mary,Kelly,mkellya6@woothemes.com,Female,144.37.25.162,nps.gov,$10.73,$3410.43
368,Ronald,Martin,rmartina7@ted.com,Male,103.69.158.50,behance.net,$109.69,$9670.02
369,Virginia,Thompson,vthompsona8@wufoo.com,Female,181.30.17.235,indiatimes.com,$117.63,$3636.02
370,Julie,Peters,jpetersa9@whitehouse.gov,Female,146.74.230.142,is.gd,$123.15,$6688.34
371,Ralph,Hawkins,rhawkinsaa@phoca.cz,Male,107.255.124.174,scientificamerican.com,$140.34,$3066.00
372,Terry,Peterson,tpetersonab@webnode.com,Male,144.190.67.62,dailymail.co.uk,$64.77,$3034.13
373,Jimmy,Edwards,jedwardsac@sina.com.cn,Male,241.154.67.99,seattletimes.com,$113.68,$884.05
374,Bonnie,Lawrence,blawrencead@whitehouse.gov,Female,139.162.143.95,businessinsider.com,$70.77,$9893.79
375,Juan,Lane,jlaneae@pagesperso-orange.fr,Male,139.238.155.117,domainmarket.com,$28.31,$8873.19
376,Anthony,Hayes,ahayesaf@163.com,Male,111.51.105.39,bbb.org,$125.30,$7887.11
377,Carl,Alvarez,calvarezag@oracle.com,Male,62.30.95.19,who.int,$148.89,$1439.72
378,Donald,Coleman,dcolemanah@virginia.edu,Male,89.9.23.180,ovh.net,$58.59,$7633.09
379,Christina,Williams,cwilliamsai@sogou.com,Female,94.170.247.134,plala.or.jp,$38.14,$2033.65
380,Sarah,Castillo,scastilloaj@independent.co.uk,Female,107.214.98.115,home.pl,$23.69,$5134.47
381,John,Brooks,jbrooksak@state.tx.us,Male,18.101.14.11,tamu.edu,$59.49,$8974.56
382,Sarah,Wallace,swallaceal@cbslocal.com,Female,221.126.133.37,cloudflare.com,$106.21,$2249.11
383,Emily,Hill,ehillam@webnode.com,Female,39.71.199.195,bloglovin.com,$104.23,$637.62
384,Timothy,Smith,tsmithan@mail.ru,Male,33.58.212.252,wp.com,$90.97,$3936.53
385,Christine,Oliver,coliverao@pagesperso-orange.fr,Female,41.145.170.126,spiegel.de,$132.82,$5530.68
386,Sara,Gardner,sgardnerap@typepad.com,Female,86.139.47.97,gizmodo.com,$85.42,$9583.87
387,Rose,Watson,rwatsonaq@elpais.com,Female,56.104.96.12,skyrock.com,$103.97,$7826.77
388,Julie,Harrison,jharrisonar@360.cn,Female,42.101.206.1,weather.com,$40.36,$9974.52
389,Karen,Richards,krichardsas@google.es,Female,249.45.124.51,craigslist.org,$71.27,$7265.10
390,Dorothy,Nichols,dnicholsat@printfriendly.com,Female,183.1.182.132,washingtonpost.com,$147.79,$7256.72
391,Paula,Bishop,pbishopau@salon.com,Female,77.168.24.37,census.gov,$129.77,$5661.00
392,Donna,Wagner,dwagnerav@lulu.com,Female,138.118.12.50,timesonline.co.uk,$17.94,$2730.60
393,Kathryn,Wilson,kwilsonaw@hao123.com,Female,41.55.218.97,diigo.com,$35.44,$1813.05
394,Michael,Spencer,mspencerax@mapy.cz,Male,210.73.184.195,imgur.com,$17.92,$670.62
395,Teresa,Lewis,tlewisay@time.com,Female,102.73.183.241,engadget.com,$47.83,$8387.54
396,Jeremy,Elliott,jelliottaz@tmall.com,Male,61.76.155.254,aboutads.info,$58.38,$4341.71
397,Patrick,Stevens,pstevensb0@wunderground.com,Male,61.19.173.50,ebay.co.uk,$14.85,$5958.91
398,Judy,Hawkins,jhawkinsb1@seesaa.net,Female,197.187.200.237,washingtonpost.com,$31.86,$5150.13
399,Raymond,Daniels,rdanielsb2@photobucket.com,Male,248.128.180.54,ovh.net,$135.02,$7563.90
400,Ralph,Gonzales,rgonzalesb3@guardian.co.uk,Male,50.231.55.101,zdnet.com,$42.92,$501.78
401,Ralph,Castillo,rcastillob4@archive.org,Male,216.27.206.103,bigcartel.com,$22.20,$4499.67
402,Henry,Weaver,hweaverb5@bloglines.com,Male,125.208.76.16,zdnet.com,$52.47,$6164.75
403,Stephanie,Phillips,sphillipsb6@kickstarter.com,Female,68.139.16.196,nih.gov,$55.55,$8596.84
404,Stephanie,Gonzalez,sgonzalezb7@wordpress.org,Female,205.215.239.145,drupal.org,$30.03,$2686.51
405,Thomas,Thompson,tthompsonb8@amazon.com,Male,9.197.168.207,yelp.com,$106.12,$7762.95
406,Amy,Coleman,acolemanb9@github.com,Female,112.18.58.155,freewebs.com,$74.73,$4505.99
407,Virginia,Hicks,vhicksba@biblegateway.com,Female,75.164.250.130,rakuten.co.jp,$100.25,$3629.05
408,Gregory,Fox,gfoxbb@businessinsider.com,Male,188.15.67.104,businessinsider.com,$134.65,$558.91
409,Anthony,Boyd,aboydbc@linkedin.com,Male,187.69.95.76,4shared.com,$95.46,$3787.17
410,Benjamin,Griffin,bgriffinbd@tinyurl.com,Male,211.1.185.18,google.co.uk,$35.52,$8765.78
411,Jimmy,Grant,jgrantbe@ihg.com,Male,98.192.229.118,soundcloud.com,$40.18,$5310.34
412,Patrick,Greene,pgreenebf@slideshare.net,Male,2.86.92.163,microsoft.com,$147.24,$6687.54
413,Deborah,Riley,drileybg@people.com.cn,Female,1.105.131.3,google.com.au,$120.90,$3723.85
414,Lillian,Gonzalez,lgonzalezbh@mysql.com,Female,107.29.81.90,plala.or.jp,$17.75,$3795.60
415,Carolyn,Black,cblackbi@slate.com,Female,43.63.214.25,walmart.com,$12.38,$2029.34
416,Ann,Burns,aburnsbj@cornell.edu,Female,192.98.14.50,chron.com,$28.20,$4442.46
417,Kevin,Hernandez,khernandezbk@about.me,Male,32.36.126.239,cargocollective.com,$132.33,$2741.39
418,Louis,Howard,lhowardbl@furl.net,Male,136.197.45.9,biglobe.ne.jp,$19.70,$3781.19
419,Frank,Diaz,fdiazbm@geocities.jp,Male,200.33.54.234,boston.com,$123.51,$5781.53
420,Carol,Watkins,cwatkinsbn@jiathis.com,Female,46.237.234.248,utexas.edu,$63.00,$2136.61
421,Helen,Dunn,hdunnbo@nifty.com,Female,252.144.197.162,japanpost.jp,$60.90,$9059.74
422,Diana,Brooks,dbrooksbp@networksolutions.com,Female,230.7.89.1,etsy.com,$30.37,$5388.60
423,Judith,Baker,jbakerbq@newsvine.com,Female,216.58.101.64,mit.edu,$16.64,$9626.16
424,Jesse,Bryant,jbryantbr@cloudflare.com,Male,63.116.196.127,blog.com,$25.55,$870.47
425,Amy,Thomas,athomasbs@wiley.com,Female,51.50.220.250,oracle.com,$148.38,$3338.89
426,Earl,Hanson,ehansonbt@about.com,Male,177.123.232.85,rambler.ru,$55.10,$4218.17
427,Evelyn,Moreno,emorenobu@flavors.me,Female,186.235.16.69,comsenz.com,$68.36,$9531.82
428,Anne,Lewis,alewisbv@addthis.com,Female,15.73.139.109,state.gov,$49.88,$9274.24
429,Christopher,Scott,cscottbw@boston.com,Male,16.103.33.239,marriott.com,$119.54,$4935.77
430,Barbara,Nelson,bnelsonbx@jiathis.com,Female,201.164.117.198,1und1.de,$96.55,$9810.17
431,Keith,Martin,kmartinby@stanford.edu,Male,207.170.178.133,free.fr,$133.62,$2317.20
432,Sharon,Bishop,sbishopbz@shinystat.com,Female,21.112.142.125,icq.com,$32.29,$654.12
433,Michelle,Simmons,msimmonsc0@slideshare.net,Female,194.71.2.4,yelp.com,$31.74,$903.86
434,Joe,Alexander,jalexanderc1@pagesperso-orange.fr,Male,21.135.210.174,usgs.gov,$140.09,$6003.80
435,Sharon,Chapman,schapmanc2@ca.gov,Female,139.52.0.162,illinois.edu,$60.82,$182.77
436,Carolyn,Carr,ccarrc3@123-reg.co.uk,Female,110.8.147.179,google.com.au,$61.60,$9777.46
437,Charles,Austin,caustinc4@timesonline.co.uk,Male,234.165.122.183,cornell.edu,$13.23,$9237.06
438,Kathy,Harvey,kharveyc5@sphinn.com,Female,253.47.238.232,shinystat.com,$60.24,$3316.32
439,Gerald,Johnson,gjohnsonc6@ifeng.com,Male,218.105.36.188,scientificamerican.com,$145.13,$6426.82
440,Christine,Webb,cwebbc7@live.com,Female,167.101.102.151,slate.com,$31.95,$5550.94
441,Thomas,Riley,trileyc8@fotki.com,Male,37.173.140.225,epa.gov,$55.56,$7968.67
442,Scott,Gordon,sgordonc9@washingtonpost.com,Male,242.60.89.140,nba.com,$31.30,$5855.40
443,Dorothy,Howard,dhowardca@sourceforge.net,Female,42.185.127.79,timesonline.co.uk,$97.75,$6587.86
444,Richard,Kelly,rkellycb@aol.com,Male,191.87.187.171,answers.com,$13.29,$4176.93
445,Scott,Burton,sburtoncc@odnoklassniki.ru,Male,120.95.179.17,twitter.com,$148.11,$6777.09
446,Willie,George,wgeorgecd@prlog.org,Male,72.155.202.230,feedburner.com,$61.51,$2711.17
447,Lori,Wagner,lwagnerce@nature.com,Female,184.220.26.127,abc.net.au,$26.01,$149.20
448,Chris,Hanson,chansoncf@yellowbook.com,Male,33.135.107.213,acquirethisname.com,$110.39,$1458.37
449,Andrea,Jackson,ajacksoncg@squarespace.com,Female,73.253.185.204,networkadvertising.org,$99.70,$9571.42
450,James,Fernandez,jfernandezch@acquirethisname.com,Male,134.219.191.177,squidoo.com,$15.32,$3185.62
451,Victor,Perkins,vperkinsci@weebly.com,Male,85.82.115.192,ed.gov,$55.36,$7622.53
452,Robin,Allen,rallencj@tamu.edu,Female,218.216.60.98,mediafire.com,$13.60,$6210.56
453,Ryan,Kennedy,rkennedyck@unicef.org,Male,143.162.60.224,yellowpages.com,$147.52,$8007.37
454,Roy,Williamson,rwilliamsoncl@mac.com,Male,251.76.140.153,ucla.edu,$139.86,$940.94
455,Carl,Cunningham,ccunninghamcm@about.me,Male,124.231.94.61,pbs.org,$135.10,$1304.59
456,Jeremy,Berry,jberrycn@uol.com.br,Male,200.242.205.213,ebay.co.uk,$148.75,$6477.50
457,Wayne,Green,wgreenco@zdnet.com,Male,137.1.48.155,livejournal.com,$145.56,$4569.71
458,Susan,Andrews,sandrewscp@sun.com,Female,36.12.230.0,seesaa.net,$118.54,$1223.58
459,Thomas,Welch,twelchcq@merriam-webster.com,Male,143.45.47.162,php.net,$111.39,$7748.94
460,Robert,Taylor,rtaylorcr@themeforest.net,Male,199.198.114.176,soundcloud.com,$80.54,$7165.43
461,Cheryl,Simpson,csimpsoncs@arizona.edu,Female,168.155.14.170,addthis.com,$65.25,$5886.62
462,Philip,Bryant,pbryantct@mashable.com,Male,170.248.66.180,bloglines.com,$91.88,$9741.66
463,Janice,Peters,jpeterscu@nationalgeographic.com,Female,195.181.8.77,godaddy.com,$119.21,$8574.38
464,James,Alvarez,jalvarezcv@usgs.gov,Male,174.128.253.221,ucla.edu,$10.73,$7367.91
465,Julie,Johnston,jjohnstoncw@usa.gov,Female,200.184.18.47,cmu.edu,$24.77,$8334.50
466,Russell,Cruz,rcruzcx@canalblog.com,Male,214.98.232.70,sciencedaily.com,$29.08,$9778.02
467,Dennis,Collins,dcollinscy@purevolume.com,Male,13.68.101.196,umich.edu,$22.20,$2968.65
468,Matthew,Thomas,mthomascz@parallels.com,Male,203.1.226.170,ning.com,$96.44,$8194.80
469,Laura,Ortiz,lortizd0@goodreads.com,Female,112.185.90.186,domainmarket.com,$111.13,$2817.06
470,Martha,Barnes,mbarnesd1@accuweather.com,Female,69.198.138.16,biglobe.ne.jp,$106.21,$8860.32
471,Edward,Watkins,ewatkinsd2@exblog.jp,Male,37.229.231.27,va.gov,$132.74,$8422.66
472,Richard,Shaw,rshawd3@sbwire.com,Male,90.109.111.12,noaa.gov,$50.78,$662.60
473,Cheryl,Coleman,ccolemand4@mozilla.org,Female,246.95.83.185,newyorker.com,$76.90,$7774.44
474,Ruby,Perkins,rperkinsd5@ted.com,Female,18.70.215.55,columbia.edu,$120.05,$8394.59
475,Theresa,Pierce,tpierced6@imdb.com,Female,105.21.67.128,infoseek.co.jp,$132.72,$8675.23
476,Margaret,Simpson,msimpsond7@ask.com,Female,202.56.14.218,webeden.co.uk,$11.17,$8019.77
477,Philip,Ramos,pramosd8@booking.com,Male,65.193.28.85,delicious.com,$106.42,$5205.88
478,Kenneth,Bell,kbelld9@opensource.org,Male,52.101.101.64,hostgator.com,$140.75,$9755.18
479,Benjamin,Berry,bberryda@infoseek.co.jp,Male,154.34.83.46,telegraph.co.uk,$58.65,$9617.25
480,Antonio,James,ajamesdb@ocn.ne.jp,Male,237.142.176.50,php.net,$25.07,$4450.13
481,Julia,Jackson,jjacksondc@istockphoto.com,Female,15.51.245.47,shutterfly.com,$40.54,$2260.63
482,Jose,Ross,jrossdd@elegantthemes.com,Male,129.119.134.227,ucsd.edu,$114.14,$1390.81
483,Michael,Turner,mturnerde@go.com,Male,131.90.40.144,utexas.edu,$110.38,$7293.56
484,Andrew,Phillips,aphillipsdf@vistaprint.com,Male,83.41.159.173,businessinsider.com,$139.42,$2986.91
485,Sarah,Lopez,slopezdg@go.com,Female,185.218.195.239,mapquest.com,$138.28,$6400.16
486,Aaron,Woods,awoodsdh@nydailynews.com,Male,53.74.183.116,nationalgeographic.com,$88.15,$3618.17
487,Maria,Hansen,mhansendi@liveinternet.ru,Female,239.201.45.20,thetimes.co.uk,$46.35,$3012.71
488,Sarah,Willis,swillisdj@prnewswire.com,Female,131.144.190.190,technorati.com,$100.57,$8649.69
489,Phyllis,Reynolds,preynoldsdk@instagram.com,Female,221.135.226.69,businessinsider.com,$90.84,$4392.59
490,Shirley,Fuller,sfullerdl@cloudflare.com,Female,154.136.67.29,last.fm,$59.00,$672.86
491,Christopher,Martinez,cmartinezdm@intel.com,Male,197.19.123.10,sakura.ne.jp,$136.63,$5460.27
492,Sarah,Bennett,sbennettdn@walmart.com,Female,53.244.143.121,redcross.org,$147.69,$8487.59
493,Gregory,Riley,grileydo@archive.org,Male,5.74.114.8,nps.gov,$43.67,$6337.49
494,Elizabeth,Lopez,elopezdp@twitter.com,Female,149.183.42.23,psu.edu,$149.85,$9413.31
495,Gary,Hicks,ghicksdq@de.vu,Male,55.152.143.7,smh.com.au,$76.37,$289.10
496,William,Evans,wevansdr@netlog.com,Male,183.105.50.86,angelfire.com,$132.25,$9788.51
497,Michelle,Tucker,mtuckerds@ebay.com,Female,183.133.179.51,bloglovin.com,$47.12,$3955.44
498,Catherine,Howell,chowelldt@goo.ne.jp,Female,153.87.11.152,scribd.com,$81.18,$7704.32
499,Wayne,Hicks,whicksdu@google.com,Male,16.142.112.196,soundcloud.com,$135.94,$4121.64
500,Kenneth,Jones,kjonesdv@harvard.edu,Male,175.55.58.59,sina.com.cn,$110.08,$1582.63
501,Craig,Thomas,cthomasdw@ihg.com,Male,138.59.240.141,icq.com,$70.77,$7407.02
502,Ruth,Stewart,rstewartdx@youtu.be,Female,229.124.74.5,abc.net.au,$25.72,$6149.90
503,Doris,Adams,dadamsdy@yellowpages.com,Female,101.74.153.63,epa.gov,$124.46,$4020.34
504,Alan,Hunt,ahuntdz@sfgate.com,Male,110.69.91.158,stumbleupon.com,$30.44,$5799.52
505,Raymond,Clark,rclarke0@g.co,Male,153.190.247.73,yahoo.co.jp,$14.91,$7197.86
506,Carl,Powell,cpowelle1@gravatar.com,Male,4.77.8.36,csmonitor.com,$97.49,$3337.28
507,Eric,Myers,emyerse2@china.com.cn,Male,114.92.181.192,over-blog.com,$109.77,$3139.49
508,Sarah,Hall,shalle3@is.gd,Female,79.192.57.220,cnn.com,$125.22,$3361.66
509,Ann,Evans,aevanse4@cnet.com,Female,218.48.251.214,deviantart.com,$134.46,$8130.15
510,Ronald,Montgomery,rmontgomerye5@jimdo.com,Male,160.122.219.213,vimeo.com,$103.84,$3541.32
511,Andrew,Gonzales,agonzalese6@digg.com,Male,224.170.243.81,house.gov,$39.48,$3761.08
512,Carolyn,Romero,cromeroe7@telegraph.co.uk,Female,158.43.187.159,google.co.uk,$49.78,$2624.25
513,Elizabeth,Franklin,efrankline8@time.com,Female,119.91.69.86,privacy.gov.au,$98.26,$9550.56
514,Barbara,Ellis,bellise9@boston.com,Female,186.118.165.157,lycos.com,$34.43,$333.52
515,Gregory,Gonzalez,ggonzalezea@cargocollective.com,Male,97.8.10.24,narod.ru,$134.40,$4688.33
516,Wanda,Fernandez,wfernandezeb@google.de,Female,17.168.75.221,purevolume.com,$58.60,$9609.44
517,Karen,Hansen,khansenec@spiegel.de,Female,166.69.252.155,surveymonkey.com,$27.53,$4301.71
518,Anna,Lawson,alawsoned@mail.ru,Female,145.77.48.73,smugmug.com,$139.54,$1907.35
519,Virginia,Wilson,vwilsonee@drupal.org,Female,5.184.12.243,smugmug.com,$116.19,$5113.64
520,Virginia,Alexander,valexanderef@360.cn,Female,100.33.36.148,bbc.co.uk,$72.16,$2947.41
521,Michelle,Johnson,mjohnsoneg@nytimes.com,Female,162.151.235.247,springer.com,$13.90,$8194.37
522,Teresa,Howard,thowardeh@dropbox.com,Female,195.55.153.135,cafepress.com,$84.82,$1951.45
523,Janice,Carter,jcarterei@lycos.com,Female,191.216.233.114,ucoz.ru,$43.43,$4200.13
524,Kimberly,Williams,kwilliamsej@cbsnews.com,Female,79.81.145.44,comsenz.com,$110.64,$3514.55
525,Henry,Brooks,hbrooksek@amazon.com,Male,116.193.191.7,ucoz.ru,$32.34,$4930.32
526,Ashley,Henderson,ahendersonel@nsw.gov.au,Female,226.138.44.163,bloglovin.com,$69.62,$4143.19
527,Diane,Peterson,dpetersonem@homestead.com,Female,101.36.113.122,zimbio.com,$48.66,$5350.16
528,Laura,Fuller,lfulleren@newyorker.com,Female,180.149.44.117,alibaba.com,$140.97,$9059.54
529,John,Gomez,jgomezeo@bbb.org,Male,194.171.196.79,furl.net,$129.62,$3465.93
530,Antonio,Garcia,agarciaep@networksolutions.com,Male,181.206.156.93,rakuten.co.jp,$55.80,$6154.65
531,Lois,Mills,lmillseq@dot.gov,Female,100.232.40.218,free.fr,$73.81,$5459.24
532,Dorothy,Henderson,dhendersoner@psu.edu,Female,194.20.64.84,delicious.com,$103.64,$9722.44
533,Gerald,Larson,glarsones@privacy.gov.au,Male,71.107.207.240,hugedomains.com,$131.14,$9484.89
534,Paul,Crawford,pcrawfordet@mediafire.com,Male,195.29.204.12,pbs.org,$107.44,$4474.96
535,Margaret,Long,mlongeu@bing.com,Female,13.148.70.185,google.ca,$90.18,$8372.95
536,Stephanie,Hamilton,shamiltonev@adobe.com,Female,22.161.33.211,yolasite.com,$96.99,$6081.98
537,Ronald,Bailey,rbaileyew@google.es,Male,194.79.134.231,naver.com,$107.44,$1943.68
538,Roger,Price,rpriceex@craigslist.org,Male,67.165.66.188,friendfeed.com,$113.43,$2945.07
539,Jerry,Lawson,jlawsoney@statcounter.com,Male,44.58.64.133,sitemeter.com,$34.64,$4391.24
540,Sara,Murray,smurrayez@123-reg.co.uk,Female,84.50.20.165,wiley.com,$131.15,$5929.61
541,Sharon,Stephens,sstephensf0@washingtonpost.com,Female,113.145.204.239,studiopress.com,$108.54,$3733.42
542,Marie,Gardner,mgardnerf1@shutterfly.com,Female,116.251.115.240,weebly.com,$39.54,$6714.76
543,Janice,Stephens,jstephensf2@angelfire.com,Female,182.102.105.158,ow.ly,$136.21,$940.75
544,Matthew,Cooper,mcooperf3@people.com.cn,Male,70.116.113.148,tamu.edu,$68.50,$1438.90
545,Susan,Myers,smyersf4@edublogs.org,Female,116.47.158.233,spotify.com,$149.88,$7869.51
546,Melissa,Nguyen,mnguyenf5@tamu.edu,Female,57.25.244.124,loc.gov,$96.65,$9855.61
547,Rachel,Washington,rwashingtonf6@wsj.com,Female,198.224.2.134,statcounter.com,$143.99,$8030.93
548,Debra,Payne,dpaynef7@naver.com,Female,149.59.48.185,time.com,$71.55,$2569.51
549,Juan,Kelley,jkelleyf8@sun.com,Male,187.235.29.240,sciencedirect.com,$59.72,$943.98
550,Roger,Barnes,rbarnesf9@netlog.com,Male,239.5.49.141,icio.us,$81.79,$2487.83
551,Benjamin,Cruz,bcruzfa@reference.com,Male,115.248.81.34,typepad.com,$89.01,$1725.06
552,Teresa,Mitchell,tmitchellfb@youtu.be,Female,6.15.230.103,illinois.edu,$146.32,$999.76
553,Louis,Washington,lwashingtonfc@squidoo.com,Male,28.217.13.185,craigslist.org,$134.91,$7747.09
554,Janice,Chapman,jchapmanfd@usgs.gov,Female,160.236.218.44,independent.co.uk,$130.88,$4285.21
555,Louise,Sanders,lsandersfe@taobao.com,Female,196.41.246.74,jimdo.com,$85.70,$3747.99
556,Richard,Banks,rbanksff@taobao.com,Male,210.28.238.187,slashdot.org,$88.63,$1627.19
557,Lori,Alexander,lalexanderfg@dion.ne.jp,Female,131.157.183.133,archive.org,$52.54,$4281.66
558,Lisa,Black,lblackfh@infoseek.co.jp,Female,200.1.27.133,google.com.br,$137.70,$1482.55
559,Angela,Hansen,ahansenfi@sakura.ne.jp,Female,182.194.183.66,csmonitor.com,$80.87,$9851.18
560,Michael,Franklin,mfranklinfj@soundcloud.com,Male,13.200.161.63,comcast.net,$48.92,$3041.29
561,Melissa,Morgan,mmorganfk@google.es,Female,177.71.178.165,live.com,$46.62,$7050.96
562,Ruby,Lawson,rlawsonfl@discovery.com,Female,116.210.60.253,jiathis.com,$79.98,$1823.63
563,John,Wilson,jwilsonfm@blogspot.com,Male,81.165.242.157,latimes.com,$117.33,$5176.73
564,Harold,Gutierrez,hgutierrezfn@imdb.com,Male,65.168.202.244,soundcloud.com,$15.02,$5339.43
565,Bruce,Cruz,bcruzfo@mapquest.com,Male,32.245.36.238,miibeian.gov.cn,$66.88,$8253.16
566,Ryan,Reid,rreidfp@yale.edu,Male,50.12.163.183,privacy.gov.au,$141.14,$4264.30
567,Wanda,Reyes,wreyesfq@bloglovin.com,Female,57.6.141.97,tamu.edu,$75.08,$1476.94
568,Joshua,Smith,jsmithfr@twitpic.com,Male,11.137.135.53,timesonline.co.uk,$50.65,$4562.59
569,Ruby,Hill,rhillfs@i2i.jp,Female,63.134.141.118,barnesandnoble.com,$66.11,$4614.10
570,Stephanie,Alexander,salexanderft@ft.com,Female,76.93.227.246,nymag.com,$135.66,$9105.66
571,Jean,Rose,jrosefu@spiegel.de,Female,0.139.41.30,homestead.com,$109.32,$3552.34
572,Lori,Rogers,lrogersfv@prlog.org,Female,120.134.250.178,reddit.com,$58.17,$1101.75
573,Shirley,Harper,sharperfw@symantec.com,Female,155.186.135.13,oakley.com,$38.24,$1368.30
574,Tammy,Henry,thenryfx@bigcartel.com,Female,132.152.78.127,histats.com,$138.83,$2228.27
575,Helen,Cole,hcolefy@who.int,Female,198.186.25.44,businessinsider.com,$62.39,$8937.97
576,Angela,Price,apricefz@amazonaws.com,Female,32.51.250.72,technorati.com,$126.50,$1583.33
577,Shirley,Knight,sknightg0@economist.com,Female,82.59.168.116,xing.com,$88.23,$7352.05
578,Rose,Wilson,rwilsong1@canalblog.com,Female,234.173.101.240,umn.edu,$147.60,$9538.96
579,Billy,Sanchez,bsanchezg2@github.com,Male,199.127.250.183,meetup.com,$10.70,$7027.18
580,Mary,Sanchez,msanchezg3@europa.eu,Female,250.145.41.124,unc.edu,$103.75,$4625.38
581,Louise,Morris,lmorrisg4@mysql.com,Female,125.80.185.45,chicagotribune.com,$48.97,$2648.27
582,Craig,Carter,ccarterg5@skype.com,Male,104.254.196.27,example.com,$62.22,$4275.53
583,Carolyn,Burns,cburnsg6@sitemeter.com,Female,33.210.175.198,lulu.com,$25.17,$8950.39
584,David,Gilbert,dgilbertg7@ftc.gov,Male,127.85.43.16,uiuc.edu,$35.96,$4422.34
585,Gregory,Fuller,gfullerg8@hexun.com,Male,230.215.152.124,craigslist.org,$12.68,$5248.92
586,Shirley,Myers,smyersg9@flickr.com,Female,170.42.49.25,spotify.com,$68.65,$5685.66
587,Linda,Wells,lwellsga@cargocollective.com,Female,43.172.203.255,shareasale.com,$106.71,$9841.46
588,Kevin,Bowman,kbowmangb@liveinternet.ru,Male,172.144.6.11,stumbleupon.com,$98.69,$6394.48
589,Norma,Sanders,nsandersgc@examiner.com,Female,124.100.80.139,pcworld.com,$45.57,$8266.36
590,Pamela,Hart,phartgd@ihg.com,Female,252.183.86.40,prlog.org,$80.08,$9159.76
591,Benjamin,Elliott,belliottge@deviantart.com,Male,95.164.177.69,wix.com,$88.06,$3488.85
592,Rebecca,Gilbert,rgilbertgf@yahoo.com,Female,138.120.148.163,yelp.com,$23.63,$6764.27
593,Heather,Mitchell,hmitchellgg@aol.com,Female,88.175.230.65,baidu.com,$64.92,$4126.12
594,Karen,Burns,kburnsgh@statcounter.com,Female,102.171.91.28,ebay.co.uk,$126.15,$3770.94
595,Paul,Fuller,pfullergi@studiopress.com,Male,72.81.168.203,home.pl,$90.05,$2711.56
596,Donald,Crawford,dcrawfordgj@chronoengine.com,Male,58.51.162.137,so-net.ne.jp,$142.06,$7493.14
597,Ashley,Lee,aleegk@slideshare.net,Female,80.104.201.16,mac.com,$76.61,$9895.35
598,Lillian,Ruiz,lruizgl@cafepress.com,Female,24.84.195.174,acquirethisname.com,$127.41,$9117.59
599,Antonio,Henderson,ahendersongm@flavors.me,Male,142.243.30.255,wikia.com,$88.34,$7214.16
600,Pamela,Shaw,pshawgn@ucoz.ru,Female,96.166.197.98,wikispaces.com,$35.29,$9694.30
601,Edward,Richardson,erichardsongo@hubpages.com,Male,96.148.197.124,quantcast.com,$19.82,$7814.25
602,Juan,Williamson,jwilliamsongp@admin.ch,Male,173.120.183.47,skyrock.com,$95.35,$1580.80
603,Barbara,Jordan,bjordangq@telegraph.co.uk,Female,81.193.141.65,kickstarter.com,$12.07,$2174.70
604,Mildred,Matthews,mmatthewsgr@state.gov,Female,13.209.14.240,dedecms.com,$47.26,$8417.19
605,Jack,Bailey,jbaileygs@sourceforge.net,Male,185.99.62.204,goodreads.com,$88.10,$7369.83
606,Irene,Gray,igraygt@plala.or.jp,Female,103.189.0.153,networkadvertising.org,$22.17,$4179.78
607,George,Walker,gwalkergu@elpais.com,Male,164.21.135.82,trellian.com,$110.16,$544.97
608,Daniel,Romero,dromerogv@stumbleupon.com,Male,174.252.1.164,spiegel.de,$143.71,$8199.95
609,Ryan,Montgomery,rmontgomerygw@gov.uk,Male,110.78.160.27,e-recht24.de,$139.70,$9639.72
610,Stephanie,Green,sgreengx@addthis.com,Female,172.113.149.209,cdc.gov,$136.97,$7163.53
611,Stephanie,Warren,swarrengy@wordpress.org,Female,96.50.8.27,51.la,$36.28,$8412.64
612,Larry,Freeman,lfreemangz@studiopress.com,Male,103.7.148.139,icq.com,$137.78,$2802.01
613,James,Hawkins,jhawkinsh0@instagram.com,Male,217.194.31.215,nymag.com,$132.54,$2336.50
614,Ryan,Banks,rbanksh1@blogs.com,Male,186.145.80.37,cisco.com,$19.72,$5300.68
615,William,Mitchell,wmitchellh2@vk.com,Male,165.213.12.130,joomla.org,$35.68,$8333.67
616,Charles,Morgan,cmorganh3@timesonline.co.uk,Male,170.39.165.0,weebly.com,$56.75,$9854.59
617,Randy,Price,rpriceh4@t.co,Male,103.2.44.171,constantcontact.com,$113.66,$9191.27
618,Robin,Ramirez,rramirezh5@discuz.net,Female,41.133.205.111,weibo.com,$148.74,$2712.71
619,Louis,Alvarez,lalvarezh6@imgur.com,Male,125.238.1.174,businessweek.com,$117.21,$4814.48
620,Jessica,Harper,jharperh7@cbc.ca,Female,190.2.33.154,artisteer.com,$56.27,$281.07
621,Karen,Ryan,kryanh8@archive.org,Female,169.51.45.201,webs.com,$25.05,$3722.53
622,Shawn,Shaw,sshawh9@yellowpages.com,Male,243.150.218.159,narod.ru,$115.90,$2236.84
623,Arthur,West,awestha@dagondesign.com,Male,5.67.58.168,yellowbook.com,$32.67,$7637.53
624,Linda,Parker,lparkerhb@a8.net,Female,175.95.176.132,omniture.com,$75.67,$6451.23
625,Jack,Lawrence,jlawrencehc@wisc.edu,Male,97.162.235.205,github.com,$27.47,$1816.39
626,Julia,Nguyen,jnguyenhd@techcrunch.com,Female,155.10.93.254,alibaba.com,$145.74,$6885.10
627,Julia,Rivera,jriverahe@mayoclinic.com,Female,57.53.130.223,loc.gov,$76.94,$4862.39
628,Clarence,Ross,crosshf@smh.com.au,Male,188.2.216.201,youku.com,$62.46,$5155.07
629,Jack,Turner,jturnerhg@mit.edu,Male,39.58.76.90,army.mil,$130.97,$8250.44
630,Paula,Willis,pwillishh@dailymotion.com,Female,225.5.48.222,slashdot.org,$89.61,$8629.28
631,Judy,Rogers,jrogershi@pagesperso-orange.fr,Female,180.234.44.159,newyorker.com,$67.25,$7810.65
632,George,Murray,gmurrayhj@redcross.org,Male,130.136.30.216,last.fm,$123.55,$3217.50
633,Rose,Sullivan,rsullivanhk@aboutads.info,Female,175.227.233.104,nymag.com,$126.86,$5455.95
634,Paul,Roberts,probertshl@china.com.cn,Male,99.170.182.148,amazon.co.uk,$114.00,$7277.31
635,Andrew,Anderson,aandersonhm@flavors.me,Male,17.239.19.203,amazon.com,$101.13,$8699.36
636,Annie,Elliott,aelliotthn@sfgate.com,Female,33.35.61.73,a8.net,$64.44,$1981.34
637,Denise,Peters,dpetersho@mlb.com,Female,84.188.136.122,accuweather.com,$11.84,$8255.05
638,Kathy,Cooper,kcooperhp@live.com,Female,182.247.19.234,mail.ru,$135.76,$9650.28
639,George,Bishop,gbishophq@digg.com,Male,87.73.221.146,issuu.com,$54.42,$9546.13
640,Paula,Payne,ppaynehr@seesaa.net,Female,51.193.169.29,mayoclinic.com,$63.16,$9880.22
641,Carol,Fuller,cfullerhs@geocities.com,Female,134.151.82.180,dedecms.com,$11.47,$8584.04
642,Bobby,Gonzales,bgonzalesht@shutterfly.com,Male,151.145.151.120,amazonaws.com,$78.68,$9409.45
643,Jose,Freeman,jfreemanhu@amazon.co.uk,Male,153.128.113.50,mtv.com,$95.48,$9438.08
644,Tina,Jacobs,tjacobshv@dion.ne.jp,Female,113.36.178.96,exblog.jp,$13.60,$5079.34
645,Sandra,Carpenter,scarpenterhw@unblog.fr,Female,237.216.116.20,mapy.cz,$64.53,$745.43
646,Matthew,Garza,mgarzahx@tumblr.com,Male,203.102.12.225,360.cn,$90.12,$4795.51
647,Christina,Stevens,cstevenshy@wired.com,Female,220.248.13.149,wisc.edu,$123.64,$2956.96
648,Andrea,Welch,awelchhz@dyndns.org,Female,212.110.80.64,oracle.com,$63.43,$8902.61
649,Sarah,Williams,swilliamsi0@ftc.gov,Female,90.48.52.59,umich.edu,$37.34,$507.61
650,Larry,Robertson,lrobertsoni1@odnoklassniki.ru,Male,235.238.170.106,weibo.com,$28.91,$7536.00
651,Debra,Thompson,dthompsoni2@nps.gov,Female,115.71.5.25,aol.com,$39.68,$2759.24
652,Jeremy,Burton,jburtoni3@godaddy.com,Male,92.104.210.105,nih.gov,$59.33,$6352.56
653,Timothy,Anderson,tandersoni4@cbc.ca,Male,24.159.59.202,taobao.com,$134.80,$4997.61
654,Brenda,Alexander,balexanderi5@unblog.fr,Female,196.227.190.34,pen.io,$101.57,$1453.67
655,Denise,Boyd,dboydi6@icio.us,Female,41.71.194.246,wordpress.com,$79.81,$850.44
656,Jimmy,Castillo,jcastilloi7@delicious.com,Male,42.111.255.162,bing.com,$44.48,$9913.63
657,Earl,Williams,ewilliamsi8@vk.com,Male,180.123.24.99,bravesites.com,$29.62,$8453.36
658,Tammy,Powell,tpowelli9@csmonitor.com,Female,182.183.233.162,vkontakte.ru,$109.49,$8633.87
659,Anthony,Freeman,afreemania@who.int,Male,180.103.203.49,google.ru,$24.70,$5548.55
660,Louis,Alexander,lalexanderib@wisc.edu,Male,15.247.4.63,zimbio.com,$53.49,$8830.91
661,Todd,Ellis,tellisic@nymag.com,Male,228.187.104.81,nbcnews.com,$98.99,$3302.72
662,Stephanie,Russell,srussellid@google.ru,Female,91.42.238.148,51.la,$65.91,$299.05
663,Evelyn,Robinson,erobinsonie@discovery.com,Female,85.236.236.168,google.cn,$143.37,$4948.78
664,Laura,Walker,lwalkerif@java.com,Female,33.50.95.60,sogou.com,$103.03,$9819.80
665,Amanda,Ramos,aramosig@domainmarket.com,Female,140.219.92.171,newyorker.com,$13.38,$8594.44
666,Denise,Lopez,dlopezih@flickr.com,Female,145.214.59.17,princeton.edu,$30.33,$4847.14
667,Albert,Stone,astoneii@ask.com,Male,34.240.179.2,php.net,$45.43,$2614.20
668,Edward,Garrett,egarrettij@accuweather.com,Male,243.81.27.189,amazon.com,$49.46,$4786.04
669,Debra,Elliott,delliottik@squarespace.com,Female,61.166.148.46,cnet.com,$136.68,$2856.62
670,Linda,Mason,lmasonil@is.gd,Female,75.175.105.45,google.ca,$76.98,$7065.38
671,Mildred,Wright,mwrightim@blogs.com,Female,104.64.169.227,youtu.be,$100.61,$224.69
672,Lori,Hart,lhartin@mozilla.org,Female,80.105.51.120,google.ru,$35.31,$270.98
673,George,Allen,gallenio@sbwire.com,Male,116.94.12.213,businessweek.com,$85.70,$5983.18
674,Jeffrey,Burke,jburkeip@cbslocal.com,Male,95.50.229.79,phoca.cz,$17.17,$3000.13
675,Carl,Montgomery,cmontgomeryiq@hatena.ne.jp,Male,224.153.14.188,lulu.com,$117.76,$4255.03
676,Evelyn,Hanson,ehansonir@dagondesign.com,Female,63.205.87.108,howstuffworks.com,$103.59,$5539.51
677,Stephanie,Gutierrez,sgutierrezis@fotki.com,Female,128.69.86.227,opera.com,$73.89,$2931.85
678,Phillip,Garcia,pgarciait@cnet.com,Male,187.65.108.104,ox.ac.uk,$22.45,$9305.97
679,Phillip,Arnold,parnoldiu@people.com.cn,Male,108.163.82.111,ameblo.jp,$89.16,$1507.74
680,Jennifer,Bennett,jbennettiv@livejournal.com,Female,180.251.4.163,answers.com,$84.63,$9763.29
681,Terry,Green,tgreeniw@plala.or.jp,Male,199.84.207.156,livejournal.com,$74.38,$890.12
682,Christine,Nguyen,cnguyenix@mysql.com,Female,33.65.161.100,newsvine.com,$36.56,$2754.78
683,Phyllis,Harrison,pharrisoniy@multiply.com,Female,55.87.217.227,list-manage.com,$92.70,$3086.01
684,David,Oliver,doliveriz@unesco.org,Male,231.210.150.207,google.de,$47.76,$7380.33
685,Ashley,Frazier,afrazierj0@homestead.com,Female,228.232.88.143,usnews.com,$39.82,$4741.41
686,Ashley,Woods,awoodsj1@opensource.org,Female,243.5.60.127,tamu.edu,$85.64,$2908.40
687,Amanda,Ferguson,afergusonj2@reddit.com,Female,87.148.146.225,wufoo.com,$42.87,$6143.59
688,Jesse,Gonzales,jgonzalesj3@yolasite.com,Male,3.46.184.126,foxnews.com,$105.35,$5839.08
689,Annie,Hayes,ahayesj4@csmonitor.com,Female,201.158.153.22,admin.ch,$54.83,$3703.70
690,Antonio,Richardson,arichardsonj5@facebook.com,Male,166.175.10.164,deviantart.com,$118.96,$9993.69
691,Stephanie,Patterson,spattersonj6@webnode.com,Female,5.75.17.17,ocn.ne.jp,$146.84,$8715.04
692,Jessica,Gray,jgrayj7@sphinn.com,Female,178.134.229.1,samsung.com,$57.97,$2667.26
693,Earl,Gomez,egomezj8@hatena.ne.jp,Male,96.25.139.6,ehow.com,$75.40,$6217.43
694,Martha,Patterson,mpattersonj9@redcross.org,Female,133.98.63.224,ucoz.ru,$73.75,$4544.45
695,Larry,Butler,lbutlerja@imgur.com,Male,23.222.51.75,bluehost.com,$119.69,$9499.89
696,Nicholas,Ruiz,nruizjb@cloudflare.com,Male,60.7.195.11,spotify.com,$136.25,$7667.71
697,Jessica,Thomas,jthomasjc@networkadvertising.org,Female,143.81.25.93,canalblog.com,$44.42,$3376.63
698,Carol,Shaw,cshawjd@shareasale.com,Female,122.214.7.200,tiny.cc,$56.54,$6410.13
699,Donna,Brooks,dbrooksje@typepad.com,Female,255.214.113.54,sphinn.com,$53.36,$4740.95
700,Christine,Morales,cmoralesjf@apple.com,Female,81.234.193.192,blogs.com,$65.76,$1268.84
701,George,Jackson,gjacksonjg@fotki.com,Male,103.123.177.151,liveinternet.ru,$142.14,$824.06
702,Ralph,Hunter,rhunterjh@ucsd.edu,Male,21.77.120.72,paginegialle.it,$87.35,$1909.41
703,Stephen,Harrison,sharrisonji@utexas.edu,Male,196.220.131.238,xrea.com,$135.79,$4238.29
704,Benjamin,Gilbert,bgilbertjj@so-net.ne.jp,Male,71.225.142.160,last.fm,$148.20,$9467.66
705,Andrea,Foster,afosterjk@csmonitor.com,Female,112.96.2.195,ucsd.edu,$22.39,$3933.48
706,Frank,Young,fyoungjl@com.com,Male,196.94.120.242,trellian.com,$141.69,$3752.82
707,Louise,Turner,lturnerjm@jiathis.com,Female,197.208.167.163,mapquest.com,$134.61,$398.29
708,Victor,Lane,vlanejn@fda.gov,Male,201.80.16.245,odnoklassniki.ru,$67.70,$7462.43
709,Ruth,Knight,rknightjo@salon.com,Female,213.108.122.205,cisco.com,$80.62,$8042.14
710,Jason,Romero,jromerojp@360.cn,Male,49.152.58.46,guardian.co.uk,$79.25,$3147.80
711,Philip,Scott,pscottjq@woothemes.com,Male,6.252.116.131,telegraph.co.uk,$68.30,$1697.40
712,Jeffrey,Mendoza,jmendozajr@nba.com,Male,230.110.57.42,printfriendly.com,$132.01,$470.00
713,Patrick,Mendoza,pmendozajs@shutterfly.com,Male,251.144.6.80,wsj.com,$121.91,$4359.54
714,Gerald,Harper,gharperjt@jalbum.net,Male,145.105.77.136,businessweek.com,$44.23,$3611.23
715,Adam,Ramirez,aramirezju@buzzfeed.com,Male,23.230.254.213,businesswire.com,$142.36,$5960.10
716,George,Lewis,glewisjv@ox.ac.uk,Male,92.57.112.152,a8.net,$95.28,$9158.01
717,Virginia,Snyder,vsnyderjw@liveinternet.ru,Female,159.7.153.248,icq.com,$81.71,$5290.94
718,Doris,White,dwhitejx@surveymonkey.com,Female,244.43.247.47,unc.edu,$128.88,$5060.69
719,Samuel,Allen,sallenjy@imdb.com,Male,59.235.203.173,webmd.com,$97.48,$1256.87
720,Stephen,Gonzales,sgonzalesjz@sina.com.cn,Male,133.38.228.28,sina.com.cn,$146.52,$9222.00
721,Alice,Scott,ascottk0@noaa.gov,Female,108.2.51.223,sbwire.com,$114.60,$999.36
722,Catherine,Nichols,cnicholsk1@deliciousdays.com,Female,32.196.0.91,narod.ru,$47.52,$3740.82
723,Norma,Parker,nparkerk2@chron.com,Female,176.182.228.49,blogs.com,$110.60,$4082.21
724,Amy,Rose,arosek3@disqus.com,Female,182.181.115.90,tmall.com,$143.60,$2225.85
725,Paula,Medina,pmedinak4@adobe.com,Female,42.18.46.149,salon.com,$63.75,$2306.98
726,Brian,Black,bblackk5@ovh.net,Male,201.182.130.76,zimbio.com,$111.54,$7774.70
727,Nancy,Lawson,nlawsonk6@parallels.com,Female,133.156.52.64,instagram.com,$134.47,$614.50
728,Cheryl,Parker,cparkerk7@vk.com,Female,24.71.6.109,phoca.cz,$24.51,$8964.58
729,Susan,Ray,srayk8@youtu.be,Female,160.215.95.107,pagesperso-orange.fr,$30.33,$757.23
730,Joshua,Mitchell,jmitchellk9@cbc.ca,Male,187.238.67.73,oaic.gov.au,$142.18,$9201.94
731,Philip,White,pwhiteka@nationalgeographic.com,Male,242.78.17.151,ucla.edu,$95.27,$6573.75
732,Margaret,Harrison,mharrisonkb@friendfeed.com,Female,96.19.48.7,bbb.org,$109.60,$432.75
733,Ryan,Rodriguez,rrodriguezkc@independent.co.uk,Male,27.85.186.51,parallels.com,$79.74,$9764.99
734,Bruce,Martin,bmartinkd@smugmug.com,Male,154.4.34.196,sina.com.cn,$22.30,$3122.71
735,Steven,Wright,swrightke@flickr.com,Male,62.74.107.204,macromedia.com,$45.54,$4808.89
736,Jeffrey,Peters,jpeterskf@nytimes.com,Male,204.53.150.74,yahoo.com,$133.47,$3122.78
737,Billy,Crawford,bcrawfordkg@nsw.gov.au,Male,187.36.47.83,dagondesign.com,$109.35,$2450.13
738,Samuel,Snyder,ssnyderkh@reuters.com,Male,155.36.215.0,php.net,$101.14,$4053.44
739,Adam,Mitchell,amitchellki@ask.com,Male,201.71.229.204,cafepress.com,$104.60,$8590.34
740,David,Wilson,dwilsonkj@wunderground.com,Male,89.31.146.220,amazon.de,$73.94,$8653.44
741,Sean,Mitchell,smitchellkk@earthlink.net,Male,82.19.75.248,aol.com,$92.01,$331.95
742,Carl,Stevens,cstevenskl@sina.com.cn,Male,14.105.64.114,economist.com,$41.51,$7804.89
743,Bruce,Clark,bclarkkm@jimdo.com,Male,94.245.107.38,oaic.gov.au,$101.69,$2355.89
744,Larry,Myers,lmyerskn@prweb.com,Male,98.34.137.149,booking.com,$37.78,$813.41
745,Mary,Washington,mwashingtonko@zdnet.com,Female,188.98.101.34,apple.com,$12.03,$8061.03
746,Judith,Freeman,jfreemankp@tiny.cc,Female,241.190.20.150,live.com,$101.37,$4764.81
747,Clarence,Willis,cwilliskq@freewebs.com,Male,14.84.119.156,fastcompany.com,$11.95,$3847.31
748,Norma,Gonzalez,ngonzalezkr@lulu.com,Female,199.151.199.175,purevolume.com,$61.15,$9609.19
749,Christopher,James,cjamesks@angelfire.com,Male,157.158.166.171,theatlantic.com,$80.15,$5377.41
750,Susan,Palmer,spalmerkt@ezinearticles.com,Female,205.213.87.238,si.edu,$31.87,$2431.36
751,Jonathan,Gonzales,jgonzalesku@technorati.com,Male,85.239.28.232,go.com,$21.64,$6487.51
752,Martin,Adams,madamskv@about.com,Male,154.106.43.54,unicef.org,$54.92,$9670.66
753,Paula,Lynch,plynchkw@mtv.com,Female,208.119.49.77,walmart.com,$136.43,$2575.53
754,Tammy,Palmer,tpalmerkx@wikipedia.org,Female,156.24.70.23,msn.com,$134.48,$4304.50
755,Nancy,Simmons,nsimmonsky@hugedomains.com,Female,197.105.96.204,instagram.com,$147.10,$606.91
756,Alice,Burns,aburnskz@wisc.edu,Female,145.40.233.40,skyrock.com,$141.88,$2270.98
757,Terry,Alvarez,talvarezl0@naver.com,Male,179.64.245.124,bravesites.com,$114.46,$796.89
758,Amy,Anderson,aandersonl1@ebay.com,Female,50.176.123.82,cpanel.net,$134.29,$4438.12
759,Dorothy,Williamson,dwilliamsonl2@gov.uk,Female,68.129.206.204,nyu.edu,$79.62,$1513.23
760,Ruby,Clark,rclarkl3@omniture.com,Female,64.48.130.184,dot.gov,$49.68,$5654.45
761,Phillip,Peterson,ppetersonl4@ifeng.com,Male,74.235.210.102,ask.com,$82.84,$4100.18
762,Adam,Anderson,aandersonl5@ft.com,Male,199.189.177.88,japanpost.jp,$118.48,$960.30
763,Louis,Nguyen,lnguyenl6@ehow.com,Male,199.158.90.11,tripod.com,$18.17,$5287.15
764,Virginia,Henry,vhenryl7@4shared.com,Female,45.16.178.192,networkadvertising.org,$23.46,$2420.26
765,Barbara,Wallace,bwallacel8@shareasale.com,Female,128.186.54.53,chron.com,$20.19,$9685.68
766,Samuel,Sanchez,ssanchezl9@house.gov,Male,250.165.57.170,jalbum.net,$125.55,$1536.45
767,Sarah,Rose,srosela@163.com,Female,5.71.112.73,chron.com,$23.91,$9505.39
768,Jessica,Hicks,jhickslb@furl.net,Female,9.199.67.117,usa.gov,$46.21,$3464.27
769,Kelly,Mason,kmasonlc@biglobe.ne.jp,Female,242.204.24.201,themeforest.net,$38.09,$717.61
770,Patrick,Fisher,pfisherld@ow.ly,Male,133.151.65.227,amazon.co.uk,$140.61,$3391.54
771,Kevin,Ferguson,kfergusonle@reverbnation.com,Male,42.220.221.188,com.com,$98.28,$8500.48
772,Martin,Chapman,mchapmanlf@admin.ch,Male,119.248.157.18,seesaa.net,$85.01,$3206.30
773,Kimberly,Morris,kmorrislg@goo.ne.jp,Female,61.28.186.180,marriott.com,$135.42,$3277.22
774,Sharon,Mason,smasonlh@hc360.com,Female,220.199.42.252,google.es,$38.98,$7809.25
775,Anna,Olson,aolsonli@skype.com,Female,36.196.190.185,soup.io,$34.79,$9537.89
776,Earl,White,ewhitelj@eepurl.com,Male,11.8.166.59,businessinsider.com,$146.65,$4939.48
777,Gloria,Daniels,gdanielslk@furl.net,Female,243.111.14.217,lulu.com,$28.92,$4347.78
778,Virginia,Hernandez,vhernandezll@weebly.com,Female,85.113.201.36,surveymonkey.com,$38.63,$670.37
779,Donald,Ford,dfordlm@mapy.cz,Male,203.186.100.251,princeton.edu,$76.84,$3012.54
780,Mark,Gomez,mgomezln@aboutads.info,Male,215.7.177.45,google.com.au,$107.85,$8687.50
781,Beverly,Adams,badamslo@pbs.org,Female,189.209.169.177,vk.com,$107.00,$8365.96
782,Paul,Robertson,probertsonlp@cbc.ca,Male,41.216.209.37,w3.org,$121.25,$7867.73
783,Donald,Andrews,dandrewslq@sciencedirect.com,Male,88.54.176.11,cmu.edu,$72.37,$2137.47
784,Julia,Griffin,jgriffinlr@mapquest.com,Female,198.246.137.200,cbc.ca,$144.21,$9566.36
785,Gloria,Owens,gowensls@google.es,Female,217.226.255.195,yellowbook.com,$12.74,$118.04
786,Anne,Crawford,acrawfordlt@alibaba.com,Female,88.96.214.239,simplemachines.org,$11.26,$5903.22
787,Christine,Kennedy,ckennedylu@arizona.edu,Female,63.226.73.142,wired.com,$97.79,$1315.92
788,Ernest,Gonzales,egonzaleslv@cdbaby.com,Male,123.18.93.233,soundcloud.com,$24.96,$4296.31
789,Beverly,Franklin,bfranklinlw@youku.com,Female,229.232.144.75,ocn.ne.jp,$108.25,$6861.66
790,Robert,Gomez,rgomezlx@comcast.net,Male,204.61.137.240,businessweek.com,$103.61,$5370.11
791,Sara,Welch,swelchly@constantcontact.com,Female,135.120.78.51,toplist.cz,$32.07,$5050.40
792,Donald,Stevens,dstevenslz@discovery.com,Male,45.40.50.221,jiathis.com,$24.42,$285.44
793,Jack,Freeman,jfreemanm0@shop-pro.jp,Male,219.186.234.223,virginia.edu,$103.74,$3485.21
794,Howard,Stevens,hstevensm1@columbia.edu,Male,111.50.87.147,list-manage.com,$86.21,$2044.22
795,Jacqueline,Webb,jwebbm2@ibm.com,Female,102.154.4.248,nymag.com,$132.96,$9177.44
796,Michelle,Simpson,msimpsonm3@cdbaby.com,Female,14.200.21.74,youtube.com,$126.83,$8148.23
797,Lori,Owens,lowensm4@berkeley.edu,Female,42.230.25.184,google.ru,$130.52,$4656.75
798,Harry,Wallace,hwallacem5@netlog.com,Male,175.163.144.185,clickbank.net,$65.89,$5748.18
799,Phillip,Morrison,pmorrisonm6@arstechnica.com,Male,187.177.209.80,weibo.com,$52.18,$7301.89
800,Matthew,Robertson,mrobertsonm7@google.fr,Male,27.131.154.106,spotify.com,$112.01,$2868.19
801,Michael,Adams,madamsm8@qq.com,Male,26.108.91.183,ovh.net,$10.21,$6482.73
802,Ryan,Gonzales,rgonzalesm9@amazon.de,Male,163.194.123.3,wordpress.org,$109.17,$8046.34
803,Martin,Romero,mromeroma@apple.com,Male,62.194.107.42,deviantart.com,$70.28,$7933.56
804,Julia,Bell,jbellmb@weebly.com,Female,114.179.54.246,sphinn.com,$97.24,$7547.25
805,Anna,Miller,amillermc@flickr.com,Female,155.211.199.38,godaddy.com,$46.47,$4215.01
806,Douglas,Wallace,dwallacemd@addthis.com,Male,88.191.223.63,facebook.com,$126.21,$3108.81
807,Donna,Mitchell,dmitchellme@histats.com,Female,128.124.223.156,simplemachines.org,$28.77,$2934.17
808,Joan,King,jkingmf@nbcnews.com,Female,83.232.142.40,ucoz.ru,$109.88,$2687.04
809,Douglas,Richardson,drichardsonmg@123-reg.co.uk,Male,93.176.186.180,slashdot.org,$42.84,$5738.38
810,Kathryn,Jenkins,kjenkinsmh@washington.edu,Female,186.234.65.162,jalbum.net,$133.00,$5799.65
811,Jack,Cruz,jcruzmi@sbwire.com,Male,217.146.219.246,godaddy.com,$20.11,$8813.97
812,Matthew,Clark,mclarkmj@uiuc.edu,Male,192.64.103.101,flavors.me,$109.07,$6829.50
813,Martha,Stewart,mstewartmk@miitbeian.gov.cn,Female,249.22.27.231,google.co.uk,$109.21,$6878.75
814,Jennifer,Watkins,jwatkinsml@icq.com,Female,212.11.130.176,instagram.com,$56.56,$7948.01
815,Helen,Arnold,harnoldmm@angelfire.com,Female,197.197.143.119,flickr.com,$40.39,$9232.92
816,Laura,Lopez,llopezmn@typepad.com,Female,2.113.91.226,youtu.be,$48.33,$1987.95
817,Peter,Lewis,plewismo@tamu.edu,Male,67.93.210.211,economist.com,$39.92,$3977.99
818,Chris,Fox,cfoxmp@hatena.ne.jp,Male,132.173.220.46,bbc.co.uk,$51.02,$4784.11
819,Joyce,Lawson,jlawsonmq@printfriendly.com,Female,1.78.190.205,dion.ne.jp,$36.00,$127.70
820,Martha,Olson,molsonmr@ted.com,Female,63.82.1.74,hubpages.com,$93.80,$5008.21
821,Henry,Parker,hparkerms@skyrock.com,Male,14.236.153.241,harvard.edu,$91.10,$2711.32
822,Kimberly,Willis,kwillismt@prnewswire.com,Female,119.46.228.216,auda.org.au,$32.11,$7932.76
823,Alan,Cox,acoxmu@marriott.com,Male,156.118.234.49,wisc.edu,$86.42,$594.78
824,Carlos,Stewart,cstewartmv@nydailynews.com,Male,102.231.183.236,technorati.com,$140.30,$7547.22
825,Sara,Morrison,smorrisonmw@mozilla.org,Female,133.108.235.159,reuters.com,$47.19,$6795.54
826,Walter,Ferguson,wfergusonmx@indiatimes.com,Male,56.200.115.159,mediafire.com,$146.49,$1071.79
827,Ernest,Wood,ewoodmy@fotki.com,Male,10.116.168.59,wufoo.com,$55.07,$9509.70
828,Katherine,Porter,kportermz@nifty.com,Female,42.114.84.210,ezinearticles.com,$20.77,$9095.69
829,Teresa,Nichols,tnicholsn0@joomla.org,Female,49.30.57.197,flavors.me,$38.11,$2712.40
830,Stephen,Alvarez,salvarezn1@chronoengine.com,Male,60.11.234.184,fc2.com,$15.03,$5479.88
831,Jean,Bradley,jbradleyn2@parallels.com,Female,138.27.66.255,csmonitor.com,$65.59,$5429.14
832,Shirley,Burke,sburken3@nydailynews.com,Female,16.42.22.111,quantcast.com,$92.47,$6513.25
833,Daniel,Franklin,dfranklinn4@edublogs.org,Male,58.102.57.39,ibm.com,$95.83,$1984.58
834,Gregory,Olson,golsonn5@goo.ne.jp,Male,75.61.66.25,vk.com,$119.32,$3154.83
835,Fred,Reyes,freyesn6@uiuc.edu,Male,123.105.109.210,csmonitor.com,$135.68,$5430.37
836,Raymond,Gonzalez,rgonzalezn7@blog.com,Male,238.173.220.128,vinaora.com,$141.71,$3703.58
837,Kimberly,Larson,klarsonn8@bing.com,Female,230.140.150.184,microsoft.com,$104.19,$902.82
838,Emily,Kim,ekimn9@ca.gov,Female,105.88.80.72,printfriendly.com,$146.08,$945.29
839,Paula,Payne,ppaynena@hao123.com,Female,104.100.109.87,free.fr,$70.88,$7027.54
840,Craig,Peters,cpetersnb@ibm.com,Male,165.183.110.15,prweb.com,$147.23,$2949.00
841,Frances,Rose,frosenc@google.co.uk,Female,28.39.153.85,skype.com,$26.69,$2162.15
842,Justin,Hunt,jhuntnd@washington.edu,Male,16.218.208.175,devhub.com,$49.59,$435.01
843,Gerald,Price,gpricene@sakura.ne.jp,Male,92.213.130.121,chron.com,$34.62,$5307.97
844,Katherine,Edwards,kedwardsnf@acquirethisname.com,Female,234.208.219.67,nba.com,$64.42,$1210.74
845,Sharon,Owens,sowensng@soundcloud.com,Female,40.182.38.95,gravatar.com,$132.12,$4028.29
846,Catherine,Jordan,cjordannh@goo.ne.jp,Female,255.158.144.78,tuttocitta.it,$40.59,$8631.64
847,Emily,Mills,emillsni@guardian.co.uk,Female,205.3.200.106,answers.com,$15.00,$5112.66
848,Scott,Banks,sbanksnj@mtv.com,Male,92.14.128.217,unicef.org,$136.50,$4179.63
849,Marie,Crawford,mcrawfordnk@howstuffworks.com,Female,150.44.76.44,icq.com,$81.54,$6105.78
850,Janet,Hill,jhillnl@cocolog-nifty.com,Female,93.84.158.19,parallels.com,$14.77,$9307.52
851,Steven,Hamilton,shamiltonnm@stumbleupon.com,Male,15.215.241.25,wikispaces.com,$67.23,$2575.15
852,Martin,Tucker,mtuckernn@buzzfeed.com,Male,100.34.144.247,smh.com.au,$51.85,$1291.28
853,Mildred,Cruz,mcruzno@yale.edu,Female,159.120.37.217,furl.net,$29.43,$4523.57
854,Joshua,Morgan,jmorgannp@domainmarket.com,Male,219.48.11.251,hexun.com,$88.69,$5926.46
855,Nicholas,Lewis,nlewisnq@hc360.com,Male,246.208.204.104,earthlink.net,$91.22,$9505.41
856,Catherine,Black,cblacknr@tuttocitta.it,Female,255.31.176.163,alexa.com,$49.47,$364.06
857,Janet,Lawrence,jlawrencens@google.de,Female,24.110.168.125,yahoo.com,$81.14,$8254.41
858,Debra,Harris,dharrisnt@seattletimes.com,Female,66.176.43.194,washington.edu,$66.43,$2223.82
859,Julia,Schmidt,jschmidtnu@hao123.com,Female,57.107.89.189,amazon.co.jp,$104.91,$9851.34
860,Evelyn,Bishop,ebishopnv@sourceforge.net,Female,121.105.218.142,diigo.com,$145.60,$2508.56
861,Andrew,Green,agreennw@hatena.ne.jp,Male,106.221.124.247,umich.edu,$84.81,$8311.15
862,Jennifer,Stone,jstonenx@icio.us,Female,132.138.61.136,studiopress.com,$37.98,$4770.54
863,Walter,Daniels,wdanielsny@google.fr,Male,162.35.168.197,1und1.de,$118.73,$6945.64
864,Larry,Robertson,lrobertsonnz@moonfruit.com,Male,144.78.90.126,diigo.com,$27.19,$6556.87
865,Margaret,Lewis,mlewiso0@cbc.ca,Female,177.199.78.1,qq.com,$115.65,$4585.09
866,Dennis,Lynch,dlyncho1@mozilla.com,Male,249.179.179.155,jalbum.net,$42.00,$8710.18
867,Joshua,Ferguson,jfergusono2@php.net,Male,15.214.204.83,reverbnation.com,$24.76,$953.97
868,Douglas,Lewis,dlewiso3@sina.com.cn,Male,200.7.246.79,ebay.com,$65.35,$5487.73
869,Tina,Crawford,tcrawfordo4@shareasale.com,Female,172.151.30.106,youtu.be,$119.11,$6162.61
870,Christine,Sanders,csanderso5@sourceforge.net,Female,55.84.61.91,tamu.edu,$122.69,$3095.57
871,Timothy,Dunn,tdunno6@mapquest.com,Male,254.187.2.204,bigcartel.com,$65.21,$7073.67
872,Joe,Harrison,jharrisono7@japanpost.jp,Male,61.147.176.61,biblegateway.com,$11.57,$7712.09
873,Carolyn,Medina,cmedinao8@bandcamp.com,Female,98.29.161.198,marketwatch.com,$146.14,$6377.07
874,Stephen,Nichols,snicholso9@gov.uk,Male,219.201.166.145,1688.com,$58.27,$3026.67
875,Robert,Carpenter,rcarpenteroa@apache.org,Male,54.161.101.165,skype.com,$146.68,$8837.36
876,Mildred,Flores,mfloresob@bbc.co.uk,Female,42.172.205.131,businesswire.com,$35.37,$9947.47
877,Roy,Meyer,rmeyeroc@google.de,Male,68.166.107.96,homestead.com,$118.77,$2146.08
878,Ruth,Elliott,relliottod@sourceforge.net,Female,198.142.223.156,discuz.net,$88.06,$6150.98
879,Theresa,Thomas,tthomasoe@clickbank.net,Female,122.12.165.183,pinterest.com,$134.53,$7535.27
880,Patrick,Ray,prayof@answers.com,Male,231.8.97.201,scientificamerican.com,$93.82,$3223.22
881,Janet,Hill,jhillog@parallels.com,Female,64.198.26.188,marriott.com,$16.91,$5897.00
882,Mildred,Fisher,mfisheroh@newyorker.com,Female,32.221.254.188,yelp.com,$66.36,$7739.70
883,Irene,Barnes,ibarnesoi@engadget.com,Female,71.248.195.149,twitpic.com,$15.28,$2078.23
884,Steve,Clark,sclarkoj@yandex.ru,Male,65.63.176.64,latimes.com,$34.25,$9424.21
885,Brenda,Mason,bmasonok@oracle.com,Female,138.137.164.246,loc.gov,$57.90,$7727.44
886,Christopher,Perez,cperezol@marriott.com,Male,163.45.152.234,un.org,$42.44,$666.71
887,Stephen,West,swestom@yellowbook.com,Male,221.119.10.248,domainmarket.com,$87.34,$8009.66
888,Douglas,Scott,dscotton@hibu.com,Male,234.232.201.3,blogtalkradio.com,$14.30,$2950.88
889,Gregory,Ramirez,gramirezoo@artisteer.com,Male,250.85.216.152,weibo.com,$87.65,$3760.55
890,Rachel,Burns,rburnsop@youtube.com,Female,58.25.114.248,163.com,$99.50,$9984.34
891,Sarah,Alvarez,salvarezoq@marketwatch.com,Female,224.254.16.129,harvard.edu,$135.49,$2383.43
892,Steve,Hamilton,shamiltonor@wordpress.com,Male,190.158.191.151,gov.uk,$73.66,$6337.27
893,Anthony,Ramirez,aramirezos@ehow.com,Male,26.2.82.254,google.com.hk,$73.37,$6871.66
894,Paul,Garrett,pgarrettot@sciencedaily.com,Male,148.196.154.189,nyu.edu,$97.72,$1541.94
895,Angela,Medina,amedinaou@histats.com,Female,180.110.64.228,umich.edu,$144.32,$8195.49
896,Julia,Howell,jhowellov@umich.edu,Female,51.229.41.8,elegantthemes.com,$104.31,$9771.10
897,Tina,Long,tlongow@cyberchimps.com,Female,167.106.176.238,simplemachines.org,$13.22,$3868.58
898,Brenda,Bradley,bbradleyox@patch.com,Female,228.107.126.16,squarespace.com,$50.45,$9279.67
899,Linda,Rodriguez,lrodriguezoy@washingtonpost.com,Female,197.69.170.247,nps.gov,$15.92,$8614.69
900,Jessica,Foster,jfosteroz@theatlantic.com,Female,78.68.18.127,opensource.org,$135.94,$1012.27
901,Theresa,Wilson,twilsonp0@amazon.co.jp,Female,1.120.159.143,shutterfly.com,$96.58,$2655.84
902,Antonio,Peterson,apetersonp1@list-manage.com,Male,14.113.35.88,admin.ch,$137.45,$7410.52
903,Arthur,Frazier,afrazierp2@dyndns.org,Male,143.98.96.203,state.gov,$26.75,$7015.31
904,Maria,Grant,mgrantp3@va.gov,Female,180.156.230.242,spotify.com,$42.25,$3612.69
905,Matthew,Armstrong,marmstrongp4@symantec.com,Male,181.205.156.201,slideshare.net,$84.00,$766.02
906,Victor,Hansen,vhansenp5@ibm.com,Male,2.255.195.188,rediff.com,$76.99,$3722.28
907,John,Scott,jscottp6@mozilla.org,Male,19.22.94.169,baidu.com,$23.61,$9545.47
908,Victor,Simmons,vsimmonsp7@yellowpages.com,Male,72.125.189.12,fda.gov,$93.57,$3442.24
909,Kevin,Cook,kcookp8@nyu.edu,Male,97.67.119.192,fastcompany.com,$120.64,$6226.66
910,Stephanie,Berry,sberryp9@tinypic.com,Female,252.234.62.35,xinhuanet.com,$135.01,$9049.60
911,Kathy,Schmidt,kschmidtpa@google.ca,Female,211.151.49.191,scribd.com,$78.78,$7801.44
912,Randy,Welch,rwelchpb@netvibes.com,Male,158.83.232.168,reference.com,$118.28,$4514.06
913,Judy,Hernandez,jhernandezpc@auda.org.au,Female,133.0.47.13,cnn.com,$66.98,$2631.94
914,Anna,Tucker,atuckerpd@squarespace.com,Female,117.163.70.176,google.nl,$126.82,$3783.21
915,Kimberly,Mills,kmillspe@nationalgeographic.com,Female,57.246.238.233,devhub.com,$123.55,$2752.90
916,Katherine,Adams,kadamspf@booking.com,Female,59.33.49.240,senate.gov,$97.24,$9122.90
917,Jessica,Moore,jmoorepg@scribd.com,Female,11.188.173.29,si.edu,$24.07,$630.89
918,Adam,Thompson,athompsonph@nsw.gov.au,Male,42.196.179.123,github.io,$133.63,$272.80
919,Brian,Lawson,blawsonpi@quantcast.com,Male,21.41.229.134,biglobe.ne.jp,$128.20,$4687.91
920,Amy,Lopez,alopezpj@theatlantic.com,Female,17.28.181.30,hud.gov,$34.91,$1707.82
921,Ralph,White,rwhitepk@ameblo.jp,Male,62.149.244.251,spotify.com,$97.14,$5652.29
922,Marilyn,Rivera,mriverapl@instagram.com,Female,172.49.182.16,blog.com,$121.98,$9600.42
923,Doris,Pierce,dpiercepm@github.com,Female,56.24.58.68,independent.co.uk,$107.13,$6082.59
924,Philip,Jones,pjonespn@jiathis.com,Male,88.80.219.183,purevolume.com,$129.92,$1782.63
925,Patrick,Patterson,ppattersonpo@gnu.org,Male,150.57.211.213,drupal.org,$49.89,$4126.58
926,Craig,Ruiz,cruizpp@dot.gov,Male,241.200.26.0,ox.ac.uk,$53.72,$8640.67
927,Lillian,Wallace,lwallacepq@list-manage.com,Female,150.66.97.64,cdbaby.com,$66.63,$6758.24
928,Wanda,White,wwhitepr@blogtalkradio.com,Female,97.128.149.29,cdbaby.com,$99.93,$2326.46
929,Bruce,Kennedy,bkennedyps@instagram.com,Male,106.174.228.205,hatena.ne.jp,$90.76,$6003.08
930,Alan,Welch,awelchpt@typepad.com,Male,165.10.171.43,opera.com,$59.61,$3482.19
931,Lillian,Carroll,lcarrollpu@blog.com,Female,133.133.113.159,ibm.com,$74.67,$5229.84
932,Craig,Carroll,ccarrollpv@bloglines.com,Male,70.146.210.180,ft.com,$77.57,$2336.78
933,Andrea,Murphy,amurphypw@studiopress.com,Female,49.227.244.145,opensource.org,$26.64,$4874.91
934,Keith,Turner,kturnerpx@furl.net,Male,30.172.163.247,businesswire.com,$52.04,$542.57
935,Arthur,Robinson,arobinsonpy@skype.com,Male,148.124.24.169,cam.ac.uk,$143.22,$6671.99
936,Diana,Williamson,dwilliamsonpz@netscape.com,Female,154.90.171.69,google.com,$77.05,$9325.49
937,Linda,Diaz,ldiazq0@ibm.com,Female,124.224.82.102,wikia.com,$125.35,$1101.99
938,Jessica,Torres,jtorresq1@mtv.com,Female,145.150.36.165,reference.com,$106.42,$4713.61
939,Gerald,Anderson,gandersonq2@netlog.com,Male,61.105.205.120,etsy.com,$89.06,$8271.81
940,Sarah,Nguyen,snguyenq3@samsung.com,Female,127.142.33.43,msn.com,$74.80,$2469.78
941,Teresa,Jenkins,tjenkinsq4@google.com.au,Female,1.11.7.140,posterous.com,$16.61,$5229.27
942,Sarah,Kelley,skelleyq5@flavors.me,Female,79.147.182.181,phoca.cz,$84.58,$6437.87
943,Joyce,Bradley,jbradleyq6@gnu.org,Female,45.69.209.210,imdb.com,$81.55,$2084.10
944,Richard,Martin,rmartinq7@hud.gov,Male,215.57.190.147,china.com.cn,$54.92,$6972.08
945,Janet,Morrison,jmorrisonq8@goo.ne.jp,Female,195.192.217.9,sciencedaily.com,$55.27,$7969.38
946,Ryan,Kelley,rkelleyq9@zdnet.com,Male,37.131.189.117,aboutads.info,$121.01,$8178.22
947,Chris,Martin,cmartinqa@w3.org,Male,218.93.22.130,tamu.edu,$57.00,$5093.71
948,Donna,Berry,dberryqb@archive.org,Female,197.222.91.191,amazonaws.com,$91.03,$5592.44
949,Alice,Hall,ahallqc@sogou.com,Female,215.43.185.181,google.com.br,$100.14,$130.59
950,Bonnie,Walker,bwalkerqd@acquirethisname.com,Female,129.246.33.106,adobe.com,$149.86,$6910.66
951,Pamela,Jones,pjonesqe@creativecommons.org,Female,159.23.247.167,paginegialle.it,$79.94,$3175.00
952,Douglas,Black,dblackqf@topsy.com,Male,161.0.31.31,mayoclinic.com,$28.84,$7599.70
953,Mary,Montgomery,mmontgomeryqg@msn.com,Female,149.62.185.48,rakuten.co.jp,$74.38,$5105.65
954,Joseph,Hunter,jhunterqh@networksolutions.com,Male,2.43.36.175,parallels.com,$20.95,$4371.32
955,Aaron,Jenkins,ajenkinsqi@wikipedia.org,Male,24.44.22.42,ca.gov,$23.47,$7442.83
956,Christina,Long,clongqj@businesswire.com,Female,49.78.1.1,jimdo.com,$145.22,$817.99
957,Joshua,Hansen,jhansenqk@domainmarket.com,Male,42.211.210.156,wikia.com,$130.59,$6055.53
958,Theresa,Washington,twashingtonql@godaddy.com,Female,249.87.63.68,sfgate.com,$125.73,$3400.19
959,Larry,Ferguson,lfergusonqm@mediafire.com,Male,193.60.252.73,smugmug.com,$117.81,$345.57
960,Jennifer,Hansen,jhansenqn@npr.org,Female,104.54.20.234,github.io,$128.80,$6598.85
961,Angela,Mcdonald,amcdonaldqo@ustream.tv,Female,70.84.224.168,drupal.org,$107.15,$9253.96
962,Norma,Coleman,ncolemanqp@squarespace.com,Female,250.145.206.100,ed.gov,$140.75,$492.38
963,Janet,Riley,jrileyqq@amazon.com,Female,82.220.96.105,squidoo.com,$54.75,$5987.14
964,Brenda,Greene,bgreeneqr@about.com,Female,81.170.71.70,about.com,$13.09,$196.14
965,Raymond,Mendoza,rmendozaqs@telegraph.co.uk,Male,82.16.196.11,vinaora.com,$53.53,$5022.79
966,Christina,Franklin,cfranklinqt@weibo.com,Female,106.11.166.108,reddit.com,$112.15,$7504.22
967,Timothy,Morgan,tmorganqu@msu.edu,Male,134.68.240.63,vkontakte.ru,$15.02,$9696.69
968,Christine,Medina,cmedinaqv@telegraph.co.uk,Female,49.139.65.2,sina.com.cn,$26.02,$4680.03
969,Lawrence,Taylor,ltaylorqw@nationalgeographic.com,Male,1.6.218.120,google.ca,$91.92,$299.46
970,Kenneth,Murphy,kmurphyqx@nbcnews.com,Male,180.209.10.135,wired.com,$24.79,$7046.19
971,Evelyn,Fowler,efowlerqy@deliciousdays.com,Female,77.152.4.255,unblog.fr,$27.75,$5199.60
972,Alan,Robinson,arobinsonqz@printfriendly.com,Male,81.93.63.129,cdbaby.com,$129.77,$4578.77
973,Phyllis,Cruz,pcruzr0@webs.com,Female,17.95.111.125,xrea.com,$112.60,$9508.04
974,Marie,Griffin,mgriffinr1@youtube.com,Female,53.244.71.157,clickbank.net,$105.85,$6837.66
975,Angela,Chavez,achavezr2@businessweek.com,Female,27.150.188.9,ed.gov,$58.35,$3439.27
976,Denise,Griffin,dgriffinr3@java.com,Female,57.232.210.16,slashdot.org,$78.31,$1408.97
977,Daniel,Gordon,dgordonr4@bravesites.com,Male,110.186.53.21,amazonaws.com,$30.09,$8529.80
978,Jessica,Moreno,jmorenor5@wordpress.org,Female,141.10.113.193,vkontakte.ru,$110.54,$6453.80
979,Emily,Richards,erichardsr6@tmall.com,Female,136.83.93.197,uol.com.br,$62.51,$2879.86
980,Jessica,Little,jlittler7@myspace.com,Female,23.48.207.101,rakuten.co.jp,$61.85,$1413.54
981,Ann,Anderson,aandersonr8@deviantart.com,Female,242.52.95.44,theglobeandmail.com,$17.83,$4709.84
982,James,Matthews,jmatthewsr9@barnesandnoble.com,Male,234.108.146.57,macromedia.com,$130.12,$1712.04
983,Amanda,Morrison,amorrisonra@forbes.com,Female,5.220.160.154,jugem.jp,$143.05,$2380.28
984,Sean,Davis,sdavisrb@usda.gov,Male,58.120.121.64,hc360.com,$45.80,$3171.43
985,Shirley,Stewart,sstewartrc@cbslocal.com,Female,83.102.57.209,go.com,$73.77,$5110.37
986,Aaron,Sanchez,asanchezrd@aol.com,Male,82.233.92.93,parallels.com,$119.32,$5139.07
987,Helen,Shaw,hshawre@bizjournals.com,Female,201.240.138.156,zdnet.com,$43.08,$6924.24
988,Evelyn,Larson,elarsonrf@home.pl,Female,74.126.249.249,netlog.com,$83.70,$1460.44
989,Bruce,Perry,bperryrg@seattletimes.com,Male,132.237.19.139,over-blog.com,$46.99,$964.11
990,Louise,Moore,lmoorerh@state.tx.us,Female,111.183.242.92,ifeng.com,$33.58,$8136.82
991,Laura,Willis,lwillisri@ask.com,Female,62.55.106.46,dedecms.com,$19.76,$7671.42
992,Martin,Payne,mpaynerj@omniture.com,Male,213.195.59.220,imgur.com,$51.30,$9976.14
993,Lisa,Barnes,lbarnesrk@ning.com,Female,177.15.96.121,goodreads.com,$116.17,$6550.48
994,Sarah,Ramirez,sramirezrl@hostgator.com,Female,189.254.180.38,shutterfly.com,$74.86,$5785.79
995,Jennifer,Sanders,jsandersrm@google.nl,Female,254.211.227.97,bloomberg.com,$36.79,$192.88
996,Bobby,Roberts,brobertsrn@smh.com.au,Male,232.55.170.135,walmart.com,$16.06,$7371.72
997,Catherine,Flores,cfloresro@wiley.com,Female,160.121.76.213,lycos.com,$134.86,$9675.34
998,Virginia,Ruiz,vruizrp@pen.io,Female,55.77.189.207,spiegel.de,$50.77,$7712.59
999,Deborah,Fowler,dfowlerrq@wsj.com,Female,77.133.142.119,smh.com.au,$21.10,$7012.70
1000,Clarence,West,cwestrr@istockphoto.com,Male,158.166.196.48,smugmug.com,$10.31,$5787.21
